brand,price,old,brake,drivetrain,material
자이언트 ,3900000,2021,디스크 브레이크,SHIMANO ULTEGRA,카본
첼로 ,250000,2014,림 브레이크,SHIMANO SORA,알루미늄
자이언트 ,600000,2021,림 브레이크,SHIMANO CLARIS,알루미늄
리들리 ,6500000,2017,림 브레이크,SHIMANO DURA-ACE,카본
트렉 ,6500000,2019,디스크 브레이크,SRAM RED,카본
트렉 ,4950000,2021,디스크 브레이크,SHIMANO ULTEGRA,카본
룩 ,3300000,2019,림 브레이크,SHIMANO 105,카본
스페셜라이즈드 ,690000,2019,림 브레이크,SHIMANO CLARIS,카본+알루미늄
트렉 ,3600000,2020,디스크 브레이크,SHIMANO ULTEGRA,카본
트렉 ,9150000,2019,디스크 브레이크,SHIMANO DURA-ACE,카본
트렉 ,6500000,2020,디스크 브레이크,SHIMANO ULTEGRA,카본
스페셜라이즈드 ,4400000,2017,림 브레이크,SHIMANO ULTEGRA,카본
트렉 ,1500000,2017,림 브레이크,SHIMANO 105,카본
룩 ,2600000,2016,림 브레이크,SHIMANO DURA-ACE,카본
캐논데일 ,1000000,2015,림 브레이크,SRAM Force,카본
자이언트 ,2300000,2021,디스크 브레이크,SHIMANO 105,카본+알루미늄
트렉 ,7300000,2021,디스크 브레이크,SHIMANO ULTEGRA,카본
메리다 ,3100000,2021,디스크 브레이크,SHIMANO ULTEGRA,카본
스페셜라이즈드 ,5400000,2020,디스크 브레이크,SHIMANO ULTEGRA,카본
포커스 ,3500000,2020,디스크 브레이크,SHIMANO ULTEGRA,카본
메리다 ,1900000,2018,디스크 브레이크,기타,카본
자이언트 ,1550000,2019,림 브레이크,SHIMANO 105,카본
룩 ,3400000,2019,림 브레이크,SHIMANO ULTEGRA,카본
트렉 ,3200000,2021,디스크 브레이크,SHIMANO 105,카본+알루미늄
라피에르 ,2200000,2015,림 브레이크,SHIMANO ULTEGRA,카본+알루미늄
비앙키 ,10000000,2020,디스크 브레이크,SHIMANO DURA-ACE,카본
기타 ,8200000,2021,디스크 브레이크,기타,카본
비앙키 ,5500000,2019,디스크 브레이크,SHIMANO ULTEGRA,카본
기타 ,1000000,2021,림 브레이크,SHIMANO 105,카본
트렉 ,5000000,2018,림 브레이크,SHIMANO ULTEGRA,카본
기타 ,500000,2018,림 브레이크,SHIMANO SORA,카본
스페셜라이즈드 ,1500000,2017,림 브레이크,SHIMANO 105,카본+알루미늄
트렉 ,4500000,2021,디스크 브레이크,SHIMANO ULTEGRA,카본
서벨로 ,6200000,2017,림 브레이크,SHIMANO DURA-ACE,카본
포커스 ,7500000,2021,디스크 브레이크,SHIMANO ULTEGRA,카본
후지 ,200000,2013,디스크 브레이크,SHIMANO SORA,알루미늄
트렉 ,2850000,2021,디스크 브레이크,SHIMANO 105,카본
스페셜라이즈드 ,500000,2018,림 브레이크,SHIMANO CLARIS,카본+알루미늄
기타 ,770000,2021,림 브레이크,SHIMANO CLARIS,알루미늄
룩 ,2500000,2018,림 브레이크,SHIMANO ULTEGRA,카본
트렉 ,2000000,2019,림 브레이크,SHIMANO 105,카본
데로사 ,2300000,2019,림 브레이크,SHIMANO ULTEGRA,카본
메리다 ,4500000,2021,디스크 브레이크,SHIMANO ULTEGRA,카본
서벨로 ,4200000,2018,림 브레이크,SHIMANO ULTEGRA,카본
비앙키 ,1100000,2017,림 브레이크,SHIMANO 105,카본+알루미늄
스페셜라이즈드 ,3100000,2020,림 브레이크,SHIMANO ULTEGRA,카본+알루미늄
비앙키 ,8700000,2018,림 브레이크,SHIMANO DURA-ACE,카본
기타 ,1500000,2013,림 브레이크,SHIMANO ULTEGRA,카본
비앙키 ,5500000,2021,디스크 브레이크,SHIMANO ULTEGRA,카본
기타 ,1500000,2021,디스크 브레이크,SHIMANO 105,카본
자이언트 ,3300000,2021,디스크 브레이크,SHIMANO ULTEGRA,카본
자이언트 ,450000,2020,림 브레이크,SHIMANO CLARIS,알루미늄
서벨로 ,9000000,2021,디스크 브레이크,SRAM Force eTap AXS,카본
자이언트 ,4500000,2021,디스크 브레이크,SHIMANO ULTEGRA,카본
메리다 ,1700000,2019,림 브레이크,SHIMANO 105,카본
기타 ,1200000,2019,림 브레이크,SHIMANO ULTEGRA,카본
메리다 ,1000000,2013,림 브레이크,SHIMANO ULTEGRA,카본+알루미늄
서벨로 ,8500000,2020,디스크 브레이크,SRAM RED eTap AXS,카본
트렉 ,4800000,2016,림 브레이크,SHIMANO DURA-ACE,카본
비앙키 ,1480000,2021,림 브레이크,SHIMANO 105,카본+알루미늄
트렉 ,3000000,2021,디스크 브레이크,SHIMANO 105,카본
비엠씨 ,3000000,2019,림 브레이크,SHIMANO ULTEGRA,카본
첼로 ,550000,2021,림 브레이크,SHIMANO SORA,알루미늄
기타 ,500000,2021,림 브레이크,SHIMANO SORA,카본+알루미늄
트렉 ,6000000,2020,디스크 브레이크,SHIMANO ULTEGRA,카본
첼로 ,2100000,2020,디스크 브레이크,SHIMANO ULTEGRA,카본
트렉 ,4600000,2020,디스크 브레이크,SHIMANO ULTEGRA,카본
타임 ,2000000,2016,림 브레이크,SHIMANO DURA-ACE,카본
리들리 ,2600000,2016,림 브레이크,SRAM Force,카본
마지 ,3500000,2014,림 브레이크,SHIMANO DURA-ACE,카본
위아위스 ,3000000,2019,림 브레이크,SHIMANO DURA-ACE,카본
첼로 ,1000000,2017,림 브레이크,SHIMANO ULTEGRA,카본
콜나고 ,4500000,2013,림 브레이크,SHIMANO DURA-ACE,카본
트렉 ,9500000,2018,림 브레이크,SHIMANO DURA-ACE,카본
기타 ,1300000,2021,림 브레이크,SHIMANO 105,카본
메리다 ,1300000,2015,림 브레이크,SHIMANO ULTEGRA,카본
스페셜라이즈드 ,2650000,2016,림 브레이크,SHIMANO 105,카본
트렉 ,2500000,2018,림 브레이크,SHIMANO ULTEGRA,카본
기타 ,4500000,2021,디스크 브레이크,SHIMANO ULTEGRA,카본
코메트 ,2250000,2021,디스크 브레이크,SHIMANO 105,카본
캐논데일 ,6600000,2021,디스크 브레이크,SHIMANO ULTEGRA,카본
예거 ,1700000,2021,디스크 브레이크,SHIMANO 105,카본
트렉 ,3800000,2018,림 브레이크,SHIMANO ULTEGRA,카본
캐논데일 ,1700000,2020,림 브레이크,SHIMANO 105,카본+알루미늄
기타 ,550000,2021,림 브레이크,SHIMANO SORA,알루미늄
트렉 ,4450000,2021,디스크 브레이크,SHIMANO 105,카본
비엠씨 ,8800000,2021,디스크 브레이크,SRAM Force eTap AXS,카본
팔리 ,4700000,2019,림 브레이크,SHIMANO DURA-ACE,카본
트렉 ,4300000,2021,디스크 브레이크,SHIMANO ULTEGRA,카본
스페셜라이즈드 ,7200000,2021,디스크 브레이크,SHIMANO ULTEGRA,카본
기타 ,1150000,2017,림 브레이크,SHIMANO ULTEGRA,카본
기타 ,1234567,2021,디스크 브레이크,SHIMANO 105,카본
비앙키 ,1350000,2020,림 브레이크,SHIMANO 105,카본+알루미늄
트렉 ,4550000,2021,디스크 브레이크,SHIMANO 105,카본
첼로 ,280000,2016,림 브레이크,SHIMANO CLARIS,알루미늄
위아위스 ,2600000,2021,디스크 브레이크,SHIMANO ULTEGRA,카본
코메트 ,1400000,2021,디스크 브레이크,SHIMANO 105,카본+알루미늄
펠트 ,3800000,2018,림 브레이크,SHIMANO ULTEGRA,카본
스페셜라이즈드 ,11111111,2015,림 브레이크,SHIMANO DURA-ACE,카본
캐논데일 ,2100000,2015,림 브레이크,SHIMANO ULTEGRA,카본
메리다 ,3800000,2021,디스크 브레이크,SHIMANO ULTEGRA,카본
스페셜라이즈드 ,4200000,2021,디스크 브레이크,SHIMANO 105,카본
엘파마 ,1900000,2021,디스크 브레이크,SHIMANO 105,카본
자이언트 ,2700000,2018,림 브레이크,SHIMANO ULTEGRA,카본
트리곤 ,2450000,2017,림 브레이크,SHIMANO ULTEGRA,카본
캄파놀료 ,2500000,2021,림 브레이크,SHIMANO DURA-ACE,카본
자이언트 ,1500000,2016,림 브레이크,기타,카본+알루미늄
트렉 ,4800000,2021,디스크 브레이크,SHIMANO ULTEGRA,카본
오베아 ,5900000,2021,디스크 브레이크,SRAM Force eTap AXS,카본
스페셜라이즈드 ,3100000,2021,디스크 브레이크,SHIMANO 105,카본
트리곤 ,3500000,2021,디스크 브레이크,SRAM Force eTap AXS,카본
스페셜라이즈드 ,4200000,2016,림 브레이크,SHIMANO DURA-ACE,카본
트렉 ,7250000,2021,디스크 브레이크,SHIMANO ULTEGRA,카본
스페셜라이즈드 ,950000,2020,림 브레이크,SHIMANO CLARIS,카본+알루미늄
기타 ,990000,2018,디스크 브레이크,기타,알루미늄
엘파마 ,1000000,2015,림 브레이크,SHIMANO 105,카본
트리곤 ,1400000,2020,림 브레이크,SHIMANO ULTEGRA,카본
캄파놀료 ,2600000,2020,림 브레이크,SHIMANO DURA-ACE,카본
메리다 ,400000,2016,림 브레이크,SHIMANO SORA,카본+알루미늄
캐논데일 ,7400000,2021,디스크 브레이크,SHIMANO ULTEGRA,카본
첼로 ,510000,2017,림 브레이크,SHIMANO 105,카본+알루미늄
메리다 ,650000,2020,림 브레이크,SHIMANO CLARIS,카본+알루미늄
윌리어 ,2500000,2016,림 브레이크,SHIMANO ULTEGRA,카본
코메트 ,1600000,2021,디스크 브레이크,SHIMANO 105,카본
기타 ,4600000,2021,디스크 브레이크,SRAM Force eTap AXS,카본
자이언트 ,2500000,2017,림 브레이크,SHIMANO ULTEGRA,카본
씨포 ,3800000,2016,림 브레이크,SHIMANO 105,카본
포커스 ,1200000,2019,림 브레이크,SHIMANO 105,알루미늄
윌리어 ,1850000,2015,림 브레이크,SHIMANO 105,카본
스페셜라이즈드 ,2100000,2020,디스크 브레이크,SHIMANO 105,카본
자이언트 ,3650000,2021,디스크 브레이크,SHIMANO ULTEGRA,카본
기타 ,3600000,2017,림 브레이크,SHIMANO ULTEGRA,카본
메리다 ,5300000,2020,디스크 브레이크,SHIMANO ULTEGRA,카본
기타 ,800000,2014,림 브레이크,SHIMANO 105,카본
포커스 ,6800000,2019,디스크 브레이크,SHIMANO DURA-ACE,카본
캐논데일 ,2300000,2013,림 브레이크,SHIMANO ULTEGRA,알루미늄
캐니언 ,11000000,2020,디스크 브레이크,SRAM RED eTap AXS,카본
기타 ,1000000,2019,림 브레이크,SHIMANO 105,카본
트렉 ,2950000,2021,디스크 브레이크,SHIMANO 105,카본
메리다 ,1900000,2018,림 브레이크,SHIMANO ULTEGRA,카본
엘파마 ,750000,2016,림 브레이크,SHIMANO 105,알루미늄
기타 ,1450000,2020,림 브레이크,SHIMANO 105,카본
트렉 ,3300000,2019,디스크 브레이크,SHIMANO ULTEGRA,카본
첼로 ,1000000,2015,림 브레이크,SHIMANO 105,카본
스캇 ,1300000,2012,림 브레이크,SHIMANO ULTEGRA,카본
스페셜라이즈드 ,4300000,2021,디스크 브레이크,SHIMANO ULTEGRA,카본
기타 ,2100000,2021,디스크 브레이크,기타,카본
콜나고 ,4000000,2014,림 브레이크,기타,카본
콜나고 ,5000000,2018,림 브레이크,SHIMANO DURA-ACE,카본
트렉 ,2700000,2014,림 브레이크,SHIMANO ULTEGRA,카본
기타 ,7500000,2019,디스크 브레이크,SHIMANO ULTEGRA,카본
삼천리 ,600000,2016,림 브레이크,SHIMANO 105,카본+알루미늄
게리 피셔 ,8000000,2019,디스크 브레이크,기타,티타늄
캐논데일 ,4100000,2018,디스크 브레이크,SHIMANO DURA-ACE,카본
스페셜라이즈드 ,2600000,2020,디스크 브레이크,SHIMANO 105,카본
자이언트 ,600000,2015,림 브레이크,SHIMANO CLARIS,알루미늄
기타 ,500000,2020,림 브레이크,SHIMANO CLARIS,카본
스페셜라이즈드 ,3200000,2016,림 브레이크,SHIMANO ULTEGRA,카본
스페셜라이즈드 ,2000000,2012,림 브레이크,SHIMANO ULTEGRA,카본
자이언트 ,1500000,2018,림 브레이크,SHIMANO 105,카본
트렉 ,1600000,2017,림 브레이크,SHIMANO ULTEGRA,알루미늄
스페셜라이즈드 ,7000000,2019,림 브레이크,SRAM RED,카본
콜나고 ,3000000,2014,림 브레이크,SHIMANO ULTEGRA,카본
기타 ,1200000,2018,림 브레이크,SHIMANO 105,카본
스페셜라이즈드 ,2800000,2017,림 브레이크,SHIMANO ULTEGRA,카본
기타 ,1500000,2016,림 브레이크,SHIMANO 105,카본
서벨로 ,2600000,2018,림 브레이크,SHIMANO ULTEGRA,카본
닐프라이드 ,4000000,2017,림 브레이크,SHIMANO ULTEGRA,카본
메리다 ,1900000,2020,림 브레이크,SHIMANO ULTEGRA,카본
서벨로 ,10500000,2020,디스크 브레이크,SHIMANO DURA-ACE,카본
자이언트 ,1400000,2018,림 브레이크,SHIMANO 105,알루미늄
포커스 ,4000000,2017,림 브레이크,SHIMANO ULTEGRA,카본
엘파마 ,1350000,2021,림 브레이크,SHIMANO 105,카본
서벨로 ,6500000,2018,림 브레이크,SHIMANO DURA-ACE,카본
라이트스피드 ,8300000,2010,림 브레이크,기타,티타늄
기타 ,3600000,2016,림 브레이크,SHIMANO 105,카본
기타 ,3700000,2016,림 브레이크,SHIMANO 105,카본
기타 ,7000000,2019,림 브레이크,SHIMANO DURA-ACE,카본
리들리 ,9000000,2019,디스크 브레이크,SRAM Force eTap AXS,카본
기타 ,4000000,2020,림 브레이크,SHIMANO DURA-ACE,카본
아르곤18 ,2500000,2019,림 브레이크,SHIMANO ULTEGRA,카본
스캇 ,4500000,2018,림 브레이크,SRAM RED eTAP,카본
스페셜라이즈드 ,11500000,2020,디스크 브레이크,SRAM RED eTap AXS,카본
삼천리 ,170000,2015,림 브레이크,SHIMANO SORA,알루미늄
비엠씨 ,2800000,2019,디스크 브레이크,SHIMANO ULTEGRA,카본
스캇 ,3300000,2018,림 브레이크,SHIMANO DURA-ACE,카본
캐논데일 ,1700000,2019,림 브레이크,SHIMANO 105,카본
룩 ,5700000,2019,림 브레이크,SHIMANO DURA-ACE,카본
팔리 ,11000000,2019,림 브레이크,SRAM RED eTAP,카본
엘파마 ,700000,2020,림 브레이크,SHIMANO 105,알루미늄
스페셜라이즈드 ,1700000,2020,디스크 브레이크,SHIMANO 105,카본+알루미늄
스페셜라이즈드 ,1600000,2014,림 브레이크,SHIMANO 105,카본
기타 ,2000000,2016,림 브레이크,SHIMANO ULTEGRA,카본
비엠씨 ,3000000,2018,림 브레이크,SHIMANO ULTEGRA,카본
비엠씨 ,5500000,2018,림 브레이크,SHIMANO ULTEGRA,카본
자이언트 ,2700000,2021,디스크 브레이크,SHIMANO ULTEGRA,카본
비앙키 ,3200000,2019,림 브레이크,SHIMANO ULTEGRA,카본
기타 ,900000,2019,림 브레이크,SHIMANO 105,카본
메리다 ,2200000,2017,림 브레이크,SHIMANO ULTEGRA,카본
스페셜라이즈드 ,9000000,2021,디스크 브레이크,SRAM RED eTap AXS,카본
기타 ,2100000,2016,림 브레이크,기타,카본
메리다 ,4200000,2020,디스크 브레이크,SRAM Force eTap AXS,카본
첼로 ,1550000,2021,디스크 브레이크,SHIMANO 105,카본
기타 ,1500000,2019,림 브레이크,SHIMANO ULTEGRA,카본
자이언트 ,1900000,2016,림 브레이크,SHIMANO ULTEGRA,카본
메리다 ,1050000,2015,림 브레이크,SHIMANO ULTEGRA,카본
첼로 ,1600000,2021,림 브레이크,SHIMANO 105,카본
메리다 ,3200000,2021,디스크 브레이크,SHIMANO ULTEGRA,카본
기타 ,600000,2014,림 브레이크,SHIMANO ULTEGRA,카본
엘파마 ,850000,2021,디스크 브레이크,SHIMANO CLARIS,알루미늄
바쏘 ,2800000,2018,림 브레이크,SHIMANO ULTEGRA,카본
데로사 ,1800000,2013,림 브레이크,SHIMANO ULTEGRA,카본
트렉 ,4500000,2018,림 브레이크,SHIMANO ULTEGRA,카본
트렉 ,4000000,2021,디스크 브레이크,SHIMANO ULTEGRA,카본
자이언트 ,770000,2021,디스크 브레이크,SHIMANO SORA,카본+알루미늄
기타 ,400000,2016,림 브레이크,SHIMANO CLARIS,알루미늄
치넬리 ,2650000,2020,디스크 브레이크,SHIMANO ULTEGRA,카본
서벨로 ,6900000,2019,디스크 브레이크,SHIMANO DURA-ACE,카본
포커스 ,7000000,2021,디스크 브레이크,SHIMANO ULTEGRA,카본
엘파마 ,850000,2021,디스크 브레이크,SHIMANO CLARIS,카본+알루미늄
비앙키 ,1000000,2021,림 브레이크,SHIMANO 105,알루미늄
기타 ,1500000,2018,림 브레이크,SHIMANO ULTEGRA,카본
자이언트 ,4250000,2021,디스크 브레이크,SHIMANO ULTEGRA,카본
기타 ,10000000,2019,림 브레이크,SHIMANO DURA-ACE,카본
메리다 ,4900000,2021,디스크 브레이크,SRAM Force eTap AXS,카본
서벨로 ,10000000,2021,디스크 브레이크,SRAM Force eTap AXS,카본
트렉 ,3800000,2017,림 브레이크,SHIMANO DURA-ACE,카본
자이언트 ,490000,2021,림 브레이크,SHIMANO CLARIS,알루미늄
비엠씨 ,6300000,2020,디스크 브레이크,SHIMANO ULTEGRA,카본
리브 ,450000,2016,디스크 브레이크,SHIMANO 105,알루미늄
메리다 ,2500000,2021,디스크 브레이크,SHIMANO ULTEGRA,카본
서벨로 ,1100000,2016,림 브레이크,SHIMANO 105,카본
스페셜라이즈드 ,1100000,2016,림 브레이크,SHIMANO 105,카본
비엠씨 ,6800000,2020,디스크 브레이크,SHIMANO ULTEGRA,카본
메리다 ,1400000,2017,림 브레이크,SHIMANO 105,카본
스페셜라이즈드 ,2700000,2020,디스크 브레이크,SHIMANO 105,카본
기타 ,2600000,2021,디스크 브레이크,SHIMANO ULTEGRA,카본
스캇 ,3500000,2015,림 브레이크,SHIMANO DURA-ACE,카본
트렉 ,5500000,2021,디스크 브레이크,SHIMANO ULTEGRA,카본
트렉 ,5000000,2017,림 브레이크,SHIMANO ULTEGRA,카본
스페셜라이즈드 ,8000000,2020,디스크 브레이크,SHIMANO DURA-ACE,카본
스페셜라이즈드 ,5400000,2021,디스크 브레이크,SHIMANO ULTEGRA,카본+알루미늄
자이언트 ,3250000,2021,디스크 브레이크,SHIMANO ULTEGRA,카본
자이언트 ,2200000,2019,림 브레이크,SHIMANO ULTEGRA,카본
기타 ,3800000,2021,디스크 브레이크,SHIMANO ULTEGRA,카본
자이언트 ,3200000,2021,디스크 브레이크,SHIMANO ULTEGRA,카본
캐논데일 ,2500000,2015,림 브레이크,SHIMANO DURA-ACE,카본
캐논데일 ,1100000,2012,림 브레이크,SHIMANO 105,카본
기타 ,3300000,2012,림 브레이크,SHIMANO ULTEGRA,카본
메리다 ,6450000,2021,디스크 브레이크,SHIMANO ULTEGRA,카본
스페셜라이즈드 ,2200000,2020,디스크 브레이크,SHIMANO 105,카본
비앙키 ,9000000,2020,림 브레이크,기타,카본
코메트 ,1300000,2021,디스크 브레이크,SHIMANO 105,카본
자이언트 ,2500000,2018,림 브레이크,SHIMANO ULTEGRA,카본
자이언트 ,7300000,2020,디스크 브레이크,SRAM RED eTap AXS,카본
자이언트 ,2800000,2021,디스크 브레이크,기타,카본
스톡 ,3000000,2016,림 브레이크,SHIMANO ULTEGRA,카본
캐논데일 ,1150000,2015,림 브레이크,SHIMANO 105,카본
팔리 ,6200000,2016,림 브레이크,SHIMANO DURA-ACE,카본
메리다 ,2900000,2021,디스크 브레이크,SHIMANO ULTEGRA,카본+알루미늄
피나렐로 ,6000000,2016,림 브레이크,SHIMANO DURA-ACE,카본
스페셜라이즈드 ,2200000,2018,림 브레이크,SHIMANO ULTEGRA,카본
스페셜라이즈드 ,600000,2020,림 브레이크,SHIMANO CLARIS,알루미늄
스페셜라이즈드 ,2700000,2016,림 브레이크,SHIMANO 105,카본
스캇 ,1380000,2015,림 브레이크,SHIMANO ULTEGRA,카본
메리다 ,750000,2021,림 브레이크,SHIMANO CLARIS,카본+알루미늄
비앙키 ,4200000,2021,디스크 브레이크,SHIMANO ULTEGRA,카본
트렉 ,5500000,2020,디스크 브레이크,SHIMANO ULTEGRA,카본
메리다 ,1800000,2019,림 브레이크,SHIMANO ULTEGRA,카본
트렉 ,5500000,2019,디스크 브레이크,SRAM Force eTap AXS,카본
기타 ,7300000,2021,디스크 브레이크,SRAM Force eTap AXS,카본
메리다 ,2500000,2021,디스크 브레이크,SHIMANO 105,카본
스페셜라이즈드 ,2600000,2021,디스크 브레이크,SHIMANO 105,카본
스페셜라이즈드 ,10000000,2021,디스크 브레이크,SHIMANO ULTEGRA,카본
팩터 ,9900000,2021,디스크 브레이크,SHIMANO DURA-ACE,카본
자이언트 ,4700000,2021,디스크 브레이크,SHIMANO ULTEGRA,카본
자이언트 ,5000000,2018,림 브레이크,SHIMANO DURA-ACE,카본
자이언트 ,4750000,2021,디스크 브레이크,SHIMANO ULTEGRA,카본
콜나고 ,2500000,2018,림 브레이크,SHIMANO ULTEGRA,카본
라피에르 ,2000000,2019,림 브레이크,SHIMANO ULTEGRA,카본
트렉 ,1050000,2021,디스크 브레이크,SHIMANO SORA,카본+알루미늄
서벨로 ,3800000,2020,림 브레이크,SHIMANO ULTEGRA,카본
기타 ,900000,2021,디스크 브레이크,SHIMANO 105,카본
자이언트 ,4800000,2021,디스크 브레이크,SHIMANO ULTEGRA,카본
기타 ,500000,2017,림 브레이크,SHIMANO CLARIS,카본+알루미늄
위아위스 ,5300000,2021,디스크 브레이크,SRAM Force eTap AXS,카본
바쏘 ,4700000,2018,림 브레이크,SHIMANO ULTEGRA,카본
메리다 ,1290000,2016,림 브레이크,SHIMANO 105,카본
후지 ,750000,2015,림 브레이크,SHIMANO 105,카본
메리다 ,770000,2021,림 브레이크,SHIMANO CLARIS,알루미늄
라피에르 ,1600000,2019,림 브레이크,SHIMANO ULTEGRA,카본
엘파마 ,2500000,2015,림 브레이크,SHIMANO ULTEGRA,카본
기타 ,3400000,2019,림 브레이크,SHIMANO ULTEGRA,카본
트렉 ,6300000,2019,디스크 브레이크,SRAM Force eTap AXS,카본
자이언트 ,1600000,2020,림 브레이크,SHIMANO 105,카본
자이언트 ,6000000,2019,림 브레이크,SHIMANO DURA-ACE,카본
자이언트 ,2500000,2021,디스크 브레이크,SHIMANO ULTEGRA,카본
트렉 ,4000000,2018,림 브레이크,SHIMANO ULTEGRA,카본
후지 ,1300000,2013,림 브레이크,SHIMANO 105,카본+알루미늄
캐논데일 ,6500000,2021,디스크 브레이크,SHIMANO ULTEGRA,카본
서벨로 ,6400000,2021,디스크 브레이크,SHIMANO ULTEGRA,카본
트리곤 ,1300000,2017,림 브레이크,SHIMANO 105,카본
트렉 ,2300000,2020,디스크 브레이크,SHIMANO 105,카본
라피에르 ,2200000,2020,디스크 브레이크,SHIMANO ULTEGRA,카본+알루미늄
스캇 ,3300000,2019,림 브레이크,SHIMANO DURA-ACE,카본
기타 ,10000000,2020,디스크 브레이크,SRAM RED eTap AXS,카본
자이언트 ,2650000,2021,디스크 브레이크,SHIMANO 105,카본
큐브 ,6000000,2020,디스크 브레이크,SRAM Force eTap AXS,카본
기타 ,1200000,2020,디스크 브레이크,SHIMANO 105,카본
자이언트 ,3000000,2021,디스크 브레이크,SHIMANO ULTEGRA,카본
서벨로 ,9500000,2021,디스크 브레이크,SHIMANO ULTEGRA,카본
비엠씨 ,2500000,2021,디스크 브레이크,SHIMANO 105,카본
스페셜라이즈드 ,2400000,2018,림 브레이크,SHIMANO ULTEGRA,카본
첼로 ,1000000,2017,림 브레이크,SHIMANO 105,카본
스페셜라이즈드 ,3500000,2021,디스크 브레이크,SHIMANO ULTEGRA,카본
스페셜라이즈드 ,5000000,2018,디스크 브레이크,SHIMANO ULTEGRA,카본
스페셜라이즈드 ,7000000,2021,디스크 브레이크,SRAM Force eTap AXS,카본
자이언트 ,100000,2013,림 브레이크,SHIMANO CLARIS,카본+알루미늄
기타 ,1400000,2017,림 브레이크,SHIMANO ULTEGRA,카본
메리다 ,2800000,2021,디스크 브레이크,SHIMANO ULTEGRA,카본
서벨로 ,2000000,2016,림 브레이크,SHIMANO 105,카본
스페셜라이즈드 ,3200000,2019,디스크 브레이크,SHIMANO 105,카본
리들리 ,4000000,2017,림 브레이크,SHIMANO ULTEGRA,카본
스페셜라이즈드 ,2000000,2018,림 브레이크,SHIMANO ULTEGRA,카본+알루미늄
메리다 ,350000,2016,림 브레이크,SHIMANO SORA,카본
위아위스 ,3350000,2021,디스크 브레이크,SHIMANO ULTEGRA,카본
트렉 ,10500000,2019,디스크 브레이크,SHIMANO DURA-ACE,카본
비앙키 ,3800000,2021,디스크 브레이크,SHIMANO ULTEGRA,카본
위아위스 ,4500000,2021,디스크 브레이크,SRAM Force eTap AXS,카본
기타 ,1300000,2020,림 브레이크,SHIMANO 105,카본
포커스 ,2200000,2013,림 브레이크,SRAM RED,카본
메리다 ,1700000,2016,림 브레이크,SHIMANO ULTEGRA,카본
자이언트 ,790000,2020,림 브레이크,SHIMANO SORA,알루미늄
비앙키 ,1500000,2021,림 브레이크,기타,카본+알루미늄
리들리 ,4800000,2018,림 브레이크,SHIMANO ULTEGRA,카본
트렉 ,7950000,2020,디스크 브레이크,SHIMANO DURA-ACE,카본
메리다 ,520000,2016,림 브레이크,SHIMANO SORA,알루미늄
자이언트 ,1500000,2017,림 브레이크,SHIMANO 105,카본
트렉 ,3300000,2021,디스크 브레이크,SHIMANO 105,카본
닐프라이드 ,2000000,2017,림 브레이크,SHIMANO ULTEGRA,카본
서벨로 ,12300000,2021,디스크 브레이크,SRAM RED eTAP,카본
스페셜라이즈드 ,8000000,2021,디스크 브레이크,SHIMANO ULTEGRA,카본
스페셜라이즈드 ,3400000,2020,디스크 브레이크,SHIMANO 105,카본
기타 ,1900000,2019,림 브레이크,SHIMANO 105,카본
자이언트 ,3400000,2021,디스크 브레이크,SHIMANO 105,카본
서벨로 ,6500000,2021,디스크 브레이크,SHIMANO ULTEGRA,카본
비앙키 ,600000,2015,림 브레이크,기타,알루미늄
서벨로 ,10600000,2021,디스크 브레이크,SRAM RED eTap AXS,카본
포커스 ,8500000,2019,디스크 브레이크,SHIMANO ULTEGRA,카본
트렉 ,4100000,2021,디스크 브레이크,SHIMANO 105,카본
스페셜라이즈드 ,2700000,2019,디스크 브레이크,SHIMANO ULTEGRA,카본
기타 ,450000,2019,림 브레이크,SHIMANO CLARIS,카본+알루미늄
트렉 ,8000000,2020,디스크 브레이크,SHIMANO DURA-ACE,카본
첼로 ,1800000,2021,림 브레이크,SHIMANO 105,카본
스페셜라이즈드 ,2300000,2020,디스크 브레이크,SHIMANO 105,카본
비앙키 ,10000000,2020,디스크 브레이크,기타,카본
기타 ,2950000,2020,디스크 브레이크,SHIMANO ULTEGRA,카본
리브 ,2000000,2021,디스크 브레이크,SHIMANO 105,카본
기타 ,5800000,2021,디스크 브레이크,SHIMANO ULTEGRA,카본
서벨로 ,4400000,2018,림 브레이크,SHIMANO ULTEGRA,카본
스페셜라이즈드 ,3400000,2019,림 브레이크,SHIMANO 105,알루미늄
비앙키 ,3800000,2020,디스크 브레이크,SHIMANO ULTEGRA,카본
기타 ,1300000,2016,림 브레이크,기타,카본
자이언트 ,1950000,2017,림 브레이크,SHIMANO ULTEGRA,카본
자이언트 ,3300000,2019,림 브레이크,SHIMANO ULTEGRA,카본
기타 ,2000000,2015,림 브레이크,SHIMANO ULTEGRA,카본
메리다 ,3000000,2021,디스크 브레이크,SHIMANO ULTEGRA,카본
메리다 ,800000,2016,림 브레이크,SHIMANO 105,알루미늄
엘파마 ,600000,2015,림 브레이크,SHIMANO 105,카본
스페셜라이즈드 ,2500000,2020,디스크 브레이크,SHIMANO 105,카본
스캇 ,3000000,2015,림 브레이크,SHIMANO DURA-ACE,카본
아르곤18 ,1600000,2018,림 브레이크,SHIMANO ULTEGRA,카본
첼로 ,2000000,2017,림 브레이크,SHIMANO DURA-ACE,카본
메리다 ,2900000,2021,디스크 브레이크,SHIMANO 105,카본
자이언트 ,3750000,2021,디스크 브레이크,SHIMANO ULTEGRA,카본
코메트 ,1200000,2021,디스크 브레이크,SHIMANO 105,카본
스캇 ,4400000,2017,림 브레이크,SHIMANO DURA-ACE,카본
트리곤 ,1950000,2021,림 브레이크,SHIMANO 105,카본
기타 ,2200000,2017,림 브레이크,SHIMANO ULTEGRA,카본
캐논데일 ,6800000,2021,디스크 브레이크,SHIMANO ULTEGRA,카본
자이언트 ,2600000,2021,디스크 브레이크,SHIMANO 105,카본
자이언트 ,1900000,2021,디스크 브레이크,SHIMANO 105,카본+알루미늄
예거 ,2700000,2021,디스크 브레이크,기타,카본
트렉 ,1000000,2021,디스크 브레이크,SHIMANO CLARIS,알루미늄
스페셜라이즈드 ,5200000,2021,디스크 브레이크,SHIMANO ULTEGRA,카본
메리다 ,2700000,2019,림 브레이크,SHIMANO ULTEGRA,카본
서벨로 ,4800000,2018,림 브레이크,SHIMANO ULTEGRA,카본
기타 ,8500000,2020,림 브레이크,SHIMANO DURA-ACE,카본
비앙키 ,2000000,2021,림 브레이크,기타,카본+알루미늄
자이언트 ,2350000,2021,디스크 브레이크,SHIMANO 105,카본
자이언트 ,2700000,2021,디스크 브레이크,SHIMANO 105,카본
첼로 ,2300000,2021,디스크 브레이크,SHIMANO ULTEGRA,카본+알루미늄
메리다 ,850000,2018,림 브레이크,SHIMANO 105,카본+알루미늄
기타 ,4800000,2021,디스크 브레이크,SRAM Force eTap AXS,카본
스캇 ,3100000,2017,림 브레이크,SHIMANO ULTEGRA,카본
트렉 ,7300000,2020,디스크 브레이크,SRAM Force eTap AXS,카본
스페셜라이즈드 ,2300000,2017,림 브레이크,SHIMANO ULTEGRA,카본
캐논데일 ,2500000,2021,디스크 브레이크,SHIMANO 105,알루미늄
기타 ,7300000,2020,디스크 브레이크,SRAM Force eTap AXS,카본
메리다 ,1300000,2021,림 브레이크,SHIMANO 105,카본+알루미늄
트렉 ,3700000,2018,림 브레이크,SHIMANO ULTEGRA,카본
스페셜라이즈드 ,3000000,2021,디스크 브레이크,SHIMANO 105,카본
자이언트 ,2600000,2019,림 브레이크,SHIMANO ULTEGRA,카본
서벨로 ,6800000,2013,림 브레이크,SRAM RED eTap AXS,카본
기타 ,2200000,2015,림 브레이크,SHIMANO DURA-ACE,카본
피나렐로 ,8500000,2020,림 브레이크,SHIMANO DURA-ACE,카본
트렉 ,3400000,2021,디스크 브레이크,SHIMANO 105,카본
서벨로 ,5300000,2021,디스크 브레이크,SHIMANO ULTEGRA,카본
기타 ,2450000,2021,디스크 브레이크,SHIMANO 105,카본
자이언트 ,150000,2012,림 브레이크,SHIMANO SORA,알루미늄
비앙키 ,4350000,2021,디스크 브레이크,SHIMANO ULTEGRA,카본
비엠씨 ,6400000,2019,디스크 브레이크,SHIMANO ULTEGRA,카본
메리다 ,2100000,2017,림 브레이크,SHIMANO 105,카본
스페셜라이즈드 ,6500000,2019,디스크 브레이크,SHIMANO ULTEGRA,카본
스캇 ,3600000,2020,디스크 브레이크,SHIMANO ULTEGRA,카본
자이언트 ,1400000,2021,디스크 브레이크,SHIMANO 105,알루미늄
엘파마 ,1300000,2021,디스크 브레이크,SHIMANO 105,알루미늄
기타 ,5000000,2021,디스크 브레이크,SRAM Force eTap AXS,카본
스페셜라이즈드 ,2800000,2020,디스크 브레이크,SHIMANO ULTEGRA,카본
비앙키 ,2900000,2020,림 브레이크,기타,카본
서벨로 ,8700000,2021,디스크 브레이크,SHIMANO DURA-ACE,카본
위아위스 ,1300000,2018,림 브레이크,SHIMANO ULTEGRA,카본
자이언트 ,100000,2021,디스크 브레이크,SHIMANO 105,카본
트렉 ,3700000,2018,디스크 브레이크,SHIMANO ULTEGRA,카본
자이언트 ,4000000,2019,디스크 브레이크,SRAM Force eTap AXS,카본
스페셜라이즈드 ,3650000,2021,디스크 브레이크,SHIMANO ULTEGRA,카본
메리다 ,3100000,2016,림 브레이크,SHIMANO ULTEGRA,카본
메리다 ,3600000,2021,디스크 브레이크,SHIMANO ULTEGRA,카본
비엠씨 ,9100000,2021,디스크 브레이크,SRAM Force eTap AXS,카본
스페셜라이즈드 ,6500000,2021,디스크 브레이크,SRAM Force eTap AXS,카본
기타 ,2500000,2015,림 브레이크,SHIMANO DURA-ACE,카본
첼로 ,1900000,2017,림 브레이크,SHIMANO ULTEGRA,카본
캐논데일 ,4900000,2021,디스크 브레이크,SHIMANO ULTEGRA,카본
트렉 ,5150000,2021,디스크 브레이크,SHIMANO ULTEGRA,카본
스페셜라이즈드 ,3700000,2021,디스크 브레이크,SHIMANO ULTEGRA,카본
자이언트 ,3800000,2021,디스크 브레이크,SHIMANO ULTEGRA,카본
첼로 ,1000000,2016,림 브레이크,SHIMANO 105,카본
기타 ,2100000,2015,림 브레이크,SHIMANO ULTEGRA,카본
자이언트 ,2900000,2021,디스크 브레이크,SHIMANO ULTEGRA,카본+알루미늄
비앙키 ,4700000,2021,디스크 브레이크,SHIMANO ULTEGRA,카본
트렉 ,1100000,2016,림 브레이크,SHIMANO 105,카본+알루미늄
캐논데일 ,3000000,2016,림 브레이크,SRAM RED,카본
기타 ,2600000,2015,림 브레이크,SHIMANO DURA-ACE,카본
자이언트 ,3150000,2021,디스크 브레이크,SHIMANO ULTEGRA,카본
룩 ,3500000,2020,디스크 브레이크,SHIMANO ULTEGRA,카본
메리다 ,5500000,2021,디스크 브레이크,SRAM Force eTap AXS,카본
자이언트 ,2000000,2019,림 브레이크,SHIMANO 105,카본+알루미늄
코메트 ,1450000,2021,디스크 브레이크,SHIMANO 105,카본
리들리 ,1000000,2015,림 브레이크,SHIMANO 105,카본
트렉 ,6700000,2019,디스크 브레이크,SHIMANO ULTEGRA,카본
비엠씨 ,8000000,2021,디스크 브레이크,SRAM Force eTap AXS,카본
메리다 ,2500000,2020,디스크 브레이크,SHIMANO ULTEGRA,카본
트렉 ,4800000,2020,디스크 브레이크,SHIMANO ULTEGRA,카본
스페셜라이즈드 ,9500000,2021,디스크 브레이크,SRAM RED eTap AXS,카본
포커스 ,1800000,2017,림 브레이크,SHIMANO ULTEGRA,카본
캐논데일 ,2100000,2016,림 브레이크,SHIMANO ULTEGRA,카본
자이언트 ,2300000,2021,림 브레이크,SHIMANO 105,카본+알루미늄
기타 ,2700000,2015,림 브레이크,SHIMANO DURA-ACE,카본
피나렐로 ,4600000,2020,디스크 브레이크,SHIMANO ULTEGRA,카본
트리곤 ,2400000,2018,림 브레이크,SHIMANO 105,카본
비엠씨 ,1900000,2019,림 브레이크,SHIMANO 105,카본
트렉 ,5000000,2021,디스크 브레이크,SHIMANO ULTEGRA,카본
트렉 ,2900000,2020,디스크 브레이크,SHIMANO 105,카본
비앙키 ,2800000,2015,림 브레이크,SHIMANO ULTEGRA,카본
자이언트 ,1050000,2015,림 브레이크,SHIMANO 105,카본
기타 ,3000000,2015,림 브레이크,SHIMANO DURA-ACE,카본
자이언트 ,700000,2018,림 브레이크,SHIMANO SORA,카본+알루미늄
룩 ,2200000,2018,림 브레이크,SHIMANO ULTEGRA,카본
트렉 ,4600000,2021,디스크 브레이크,SHIMANO ULTEGRA,카본
기타 ,8000000,2021,디스크 브레이크,SRAM Force eTap AXS,카본
스페셜라이즈드 ,1800000,2016,림 브레이크,SHIMANO 105,카본
인피자 ,700000,2015,림 브레이크,SHIMANO 105,카본
스페셜라이즈드 ,2000000,2015,림 브레이크,SHIMANO 105,카본
메리다 ,2300000,2018,림 브레이크,SHIMANO ULTEGRA,카본
트렉 ,4200000,2018,림 브레이크,SHIMANO DURA-ACE,카본
첼로 ,2650000,2019,림 브레이크,SHIMANO ULTEGRA,카본
스페셜라이즈드 ,2900000,2021,디스크 브레이크,SHIMANO 105,카본
메리다 ,2400000,2021,디스크 브레이크,SHIMANO 105,알루미늄
메리다 ,1100000,2021,림 브레이크,SHIMANO 105,알루미늄
스페셜라이즈드 ,4700000,2016,디스크 브레이크,SHIMANO DURA-ACE,카본
메리다 ,3900000,2021,디스크 브레이크,SHIMANO ULTEGRA,카본
스페셜라이즈드 ,6000000,2018,림 브레이크,SHIMANO ULTEGRA,카본
트렉 ,3300000,2020,디스크 브레이크,SHIMANO 105,카본
트리곤 ,1700000,2018,림 브레이크,SHIMANO 105,카본
비엠씨 ,8300000,2021,디스크 브레이크,SRAM Force eTap AXS,카본
자이언트 ,1650000,2016,림 브레이크,SHIMANO ULTEGRA,카본
포커스 ,4900000,2020,디스크 브레이크,SHIMANO ULTEGRA,카본
메리다 ,2700000,2018,림 브레이크,SHIMANO ULTEGRA,카본
자이언트 ,4000000,2021,디스크 브레이크,SHIMANO ULTEGRA,카본
트렉 ,7500000,2019,디스크 브레이크,SHIMANO DURA-ACE,카본
비앙키 ,3900000,2019,디스크 브레이크,SHIMANO ULTEGRA,카본
스페셜라이즈드 ,3600000,2021,디스크 브레이크,SHIMANO 105,카본
트리곤 ,1800000,2017,림 브레이크,SHIMANO ULTEGRA,카본
비엠씨 ,3080000,2021,디스크 브레이크,SHIMANO 105,카본
스페셜라이즈드 ,9900000,2019,디스크 브레이크,SRAM RED eTap AXS,카본
씨포 ,3000000,2016,림 브레이크,SHIMANO 105,카본
기타 ,6200000,2021,디스크 브레이크,SHIMANO ULTEGRA,카본
트렉 ,4000000,2019,림 브레이크,SHIMANO ULTEGRA,카본
캐논데일 ,1840000,2014,림 브레이크,SRAM RED,카본
자이언트 ,890000,2021,디스크 브레이크,SHIMANO SORA,카본+알루미늄
콜나고 ,4300000,2016,림 브레이크,SHIMANO DURA-ACE,카본
스페셜라이즈드 ,3800000,2018,림 브레이크,SRAM RED eTAP,카본+알루미늄
트렉 ,4100000,2019,림 브레이크,SHIMANO ULTEGRA,카본
자이언트 ,2390000,2020,디스크 브레이크,SHIMANO ULTEGRA,카본
큐브 ,4500000,2021,디스크 브레이크,SRAM Force eTap AXS,카본
스페셜라이즈드 ,3900000,2017,림 브레이크,SRAM RED eTAP,카본+알루미늄
위아위스 ,3100000,2020,림 브레이크,SRAM RED,카본
자이언트 ,2200000,2021,디스크 브레이크,SHIMANO 105,카본
메리다 ,5500000,2021,디스크 브레이크,SHIMANO ULTEGRA,카본
트렉 ,4200000,2019,림 브레이크,SHIMANO ULTEGRA,카본
자이언트 ,1600000,2021,디스크 브레이크,SHIMANO 105,알루미늄
트렉 ,4400000,2019,림 브레이크,SHIMANO ULTEGRA,카본
스페셜라이즈드 ,5600000,2021,디스크 브레이크,SHIMANO ULTEGRA,카본
서벨로 ,8700000,2021,디스크 브레이크,SRAM Force eTap AXS,카본
스페셜라이즈드 ,4000000,2017,림 브레이크,SRAM RED eTAP,카본+알루미늄
메리다 ,1000000,2021,디스크 브레이크,SHIMANO CLARIS,카본+알루미늄
트렉 ,4500000,2018,림 브레이크,SRAM RED eTAP,카본
트렉 ,650000,2019,림 브레이크,SHIMANO CLARIS,카본+알루미늄
트렉 ,7500000,2019,림 브레이크,SHIMANO ULTEGRA,카본
아르곤18 ,2900000,2018,림 브레이크,SHIMANO ULTEGRA,카본
트렉 ,2300000,2017,림 브레이크,SHIMANO ULTEGRA,카본
콜나고 ,5500000,2017,림 브레이크,SHIMANO DURA-ACE,카본
트렉 ,3200000,2021,디스크 브레이크,SHIMANO 105,카본
엘파마 ,600000,2014,림 브레이크,SHIMANO 105,카본+알루미늄
기타 ,3000000,2020,디스크 브레이크,SHIMANO 105,카본
첼로 ,720000,2014,림 브레이크,SHIMANO ULTEGRA,알루미늄
리떼 ,2500000,2014,림 브레이크,SHIMANO ULTEGRA,카본
엘파마 ,2700000,2021,디스크 브레이크,SHIMANO 105,카본+알루미늄
첼로 ,3000000,2014,림 브레이크,기타,알루미늄
트리곤 ,1300000,2021,림 브레이크,SHIMANO 105,카본
자이언트 ,3000000,2021,디스크 브레이크,SHIMANO 105,카본
피나렐로 ,2550000,2015,림 브레이크,기타,카본
메리다 ,2300000,2015,림 브레이크,SHIMANO ULTEGRA,카본
캐니언 ,3000000,2018,디스크 브레이크,SHIMANO ULTEGRA,카본
스페셜라이즈드 ,1200000,2016,림 브레이크,SHIMANO 105,카본
휠러 ,700000,2018,림 브레이크,SHIMANO 105,카본
펠트 ,4000000,2019,림 브레이크,SHIMANO ULTEGRA,카본
메리다 ,1000000,2021,림 브레이크,SHIMANO 105,카본+알루미늄
자이언트 ,5900000,2020,디스크 브레이크,SRAM Force eTap AXS,카본
리들리 ,3600000,2021,디스크 브레이크,SHIMANO ULTEGRA,카본
위아위스 ,3000000,2020,림 브레이크,SRAM RED,카본
트렉 ,400000,2011,림 브레이크,SHIMANO 105,알루미늄
트렉 ,4250000,2021,디스크 브레이크,SHIMANO ULTEGRA,카본
자이언트 ,2000000,2021,디스크 브레이크,SHIMANO 105,카본
트렉 ,3650000,2021,디스크 브레이크,SHIMANO 105,카본
캐논데일 ,1200000,2016,림 브레이크,SHIMANO ULTEGRA,카본+알루미늄
스캇 ,1500000,2016,림 브레이크,SHIMANO DURA-ACE,카본
비앙키 ,3900000,2020,림 브레이크,기타,카본
후지 ,450000,2018,림 브레이크,SHIMANO CLARIS,카본+알루미늄
메리다 ,2300000,2016,림 브레이크,SHIMANO ULTEGRA,카본
트렉 ,2900000,2021,디스크 브레이크,SHIMANO 105,카본
비엠씨 ,9500000,2020,디스크 브레이크,SRAM Force eTap AXS,카본
자이언트 ,2550000,2021,디스크 브레이크,SHIMANO 105,카본+알루미늄
리들리 ,4700000,2021,디스크 브레이크,SHIMANO ULTEGRA,카본
첼로 ,1700000,2020,림 브레이크,SHIMANO ULTEGRA,카본
스페셜라이즈드 ,3500000,2016,림 브레이크,SHIMANO DURA-ACE,카본
비엠씨 ,2800000,2016,림 브레이크,SHIMANO ULTEGRA,카본
포커스 ,1300000,2016,디스크 브레이크,기타,알루미늄
스페셜라이즈드 ,8500000,2018,디스크 브레이크,SRAM RED eTap AXS,카본
스페셜라이즈드 ,8000000,2021,디스크 브레이크,SRAM Force eTap AXS,카본
기타 ,400000,2016,림 브레이크,SHIMANO 105,카본+알루미늄
자이언트 ,4600000,2021,디스크 브레이크,SHIMANO ULTEGRA,카본
스페셜라이즈드 ,3200000,2021,디스크 브레이크,SHIMANO 105,카본
비엠씨 ,8700000,2021,디스크 브레이크,SRAM Force eTap AXS,카본
아르곤18 ,1900000,2018,림 브레이크,SHIMANO 105,카본
스캇 ,4500000,2019,디스크 브레이크,SHIMANO ULTEGRA,티타늄
메리다 ,3000000,2018,림 브레이크,SHIMANO DURA-ACE,카본
위아위스 ,5650000,2020,디스크 브레이크,SHIMANO ULTEGRA,카본
메리다 ,1250000,2021,디스크 브레이크,SHIMANO 105,카본+알루미늄
기타 ,2100000,2020,디스크 브레이크,SHIMANO ULTEGRA,카본
트렉 ,11500000,2020,디스크 브레이크,SHIMANO DURA-ACE,카본
스페셜라이즈드 ,11000000,2020,디스크 브레이크,SRAM RED eTap AXS,카본
포커스 ,3200000,2017,림 브레이크,SHIMANO ULTEGRA,카본
트리곤 ,2100000,2020,디스크 브레이크,SHIMANO ULTEGRA,카본
캐논데일 ,1900000,2018,림 브레이크,SHIMANO ULTEGRA,카본
비앙키 ,3100000,2020,림 브레이크,SHIMANO ULTEGRA,카본
메리다 ,1600000,2019,림 브레이크,SHIMANO 105,카본
스페셜라이즈드 ,850000,2021,림 브레이크,SHIMANO CLARIS,카본+알루미늄
스페셜라이즈드 ,10500000,2020,디스크 브레이크,SHIMANO DURA-ACE,카본
트렉 ,10000000,2021,디스크 브레이크,SRAM RED eTap AXS,카본
스페셜라이즈드 ,9300000,2019,디스크 브레이크,SHIMANO DURA-ACE,카본
스페셜라이즈드 ,2400000,2021,디스크 브레이크,SHIMANO 105,카본
스페셜라이즈드 ,7500000,2018,디스크 브레이크,SRAM Force eTap AXS,카본
포커스 ,1500000,2017,디스크 브레이크,기타,알루미늄
휠러 ,550000,2020,디스크 브레이크,SHIMANO CLARIS,알루미늄
메리다 ,1150000,2020,림 브레이크,SHIMANO 105,알루미늄
트렉 ,1450000,2016,림 브레이크,SHIMANO 105,카본
비엠씨 ,2100000,2017,림 브레이크,SHIMANO 105,카본
비엠씨 ,9500000,2021,디스크 브레이크,SRAM Force eTap AXS,카본
콜나고 ,2000000,2015,디스크 브레이크,SHIMANO 105,카본
첼로 ,1400000,2016,림 브레이크,SHIMANO 105,카본
스페셜라이즈드 ,4700000,2017,림 브레이크,SRAM RED eTAP,카본
자이언트 ,3700000,2021,디스크 브레이크,SHIMANO ULTEGRA,카본
피나렐로 ,3300000,2019,림 브레이크,SHIMANO ULTEGRA,카본+알루미늄
코메트 ,1300000,2020,디스크 브레이크,SHIMANO ULTEGRA,카본
트렉 ,3500000,2018,림 브레이크,SHIMANO DURA-ACE,카본
첼로 ,3070000,2020,림 브레이크,SHIMANO ULTEGRA,카본
자이언트 ,1600000,2019,림 브레이크,SHIMANO 105,카본
기타 ,1900000,2010,림 브레이크,SHIMANO ULTEGRA,스틸
콜나고 ,2500000,2010,림 브레이크,기타,스틸
기타 ,1700000,2017,림 브레이크,SHIMANO 105,카본
첼로 ,2100000,2021,디스크 브레이크,SHIMANO ULTEGRA,카본
리들리 ,3700000,2021,디스크 브레이크,SHIMANO ULTEGRA,카본
서벨로 ,4000000,2017,림 브레이크,SHIMANO ULTEGRA,카본
스페셜라이즈드 ,7000000,2018,림 브레이크,SHIMANO DURA-ACE,카본
자이언트 ,3550000,2021,디스크 브레이크,SHIMANO ULTEGRA,카본
스페셜라이즈드 ,2550000,2021,디스크 브레이크,SHIMANO 105,카본
메리다 ,1100000,2021,림 브레이크,SHIMANO 105,카본+알루미늄
메리다 ,1200000,2021,디스크 브레이크,SHIMANO 105,카본+알루미늄
기타 ,1250000,2021,림 브레이크,SHIMANO 105,카본+알루미늄
자이언트 ,2800000,2021,디스크 브레이크,SHIMANO ULTEGRA,카본
기타 ,800000,2020,림 브레이크,SHIMANO 105,카본
스페셜라이즈드 ,5100000,2019,디스크 브레이크,SHIMANO ULTEGRA,카본
자이언트 ,1200000,2012,림 브레이크,SHIMANO ULTEGRA,카본
기타 ,3000000,2015,림 브레이크,SHIMANO ULTEGRA,카본
예거 ,650000,2021,디스크 브레이크,SHIMANO SORA,알루미늄
스페셜라이즈드 ,1200000,2016,디스크 브레이크,SHIMANO 105,카본
스페셜라이즈드 ,8800000,2020,디스크 브레이크,SHIMANO DURA-ACE,카본
스페셜라이즈드 ,11500000,2021,디스크 브레이크,SRAM RED eTap AXS,카본
스페셜라이즈드 ,3500000,2020,디스크 브레이크,SHIMANO 105,카본
비앙키 ,3000000,2020,림 브레이크,기타,카본
메리다 ,3100000,2021,디스크 브레이크,SHIMANO 105,카본
메리다 ,2200000,2020,림 브레이크,SHIMANO 105,카본
트렉 ,8800000,2019,디스크 브레이크,SRAM RED eTap AXS,카본
스페셜라이즈드 ,3300000,2020,디스크 브레이크,SHIMANO ULTEGRA,카본
자이언트 ,3200000,2020,디스크 브레이크,SHIMANO ULTEGRA,카본
콜나고 ,7000000,2017,림 브레이크,SHIMANO DURA-ACE,카본
스톡 ,6000000,2011,림 브레이크,SHIMANO ULTEGRA,카본
메리다 ,2900000,2019,디스크 브레이크,SHIMANO ULTEGRA,카본
스페셜라이즈드 ,1000000,2020,림 브레이크,SHIMANO CLARIS,카본+알루미늄
첼로 ,400000,2020,림 브레이크,SHIMANO SORA,알루미늄
트렉 ,500000,2015,림 브레이크,SHIMANO SORA,알루미늄
캐니언 ,5800000,2019,림 브레이크,SRAM Force eTap AXS,카본
스페셜라이즈드 ,2300000,2018,림 브레이크,SHIMANO ULTEGRA,카본
자이언트 ,800000,2019,림 브레이크,SHIMANO 105,알루미늄
자이언트 ,550000,2021,림 브레이크,SHIMANO 105,알루미늄
스캇 ,1300000,2012,림 브레이크,SHIMANO 105,카본
기타 ,5000000,2017,림 브레이크,SRAM RED eTAP,카본
스페셜라이즈드 ,2500000,2016,림 브레이크,SHIMANO 105,카본
캐논데일 ,570000,2011,림 브레이크,SHIMANO 105,알루미늄
트렉 ,3700000,2021,디스크 브레이크,SHIMANO ULTEGRA,카본
피나렐로 ,5300000,2020,디스크 브레이크,SHIMANO ULTEGRA,카본
비앙키 ,3800000,2014,림 브레이크,SHIMANO DURA-ACE,카본
서벨로 ,2300000,2018,림 브레이크,SHIMANO ULTEGRA,카본
스페셜라이즈드 ,7500000,2021,디스크 브레이크,SHIMANO ULTEGRA,카본
트렉 ,5800000,2021,디스크 브레이크,SHIMANO ULTEGRA,카본
기타 ,2600000,2020,디스크 브레이크,SHIMANO ULTEGRA,카본
콜나고 ,5500000,2020,림 브레이크,기타,카본
팩터 ,11000000,2020,디스크 브레이크,SRAM RED eTap AXS,카본
엘파마 ,450000,2018,림 브레이크,SHIMANO SORA,알루미늄
콜나고 ,6500000,2019,림 브레이크,SRAM RED eTAP,카본
메리다 ,750000,2020,디스크 브레이크,SHIMANO CLARIS,알루미늄
자이언트 ,1600000,2015,림 브레이크,SHIMANO ULTEGRA,카본
서벨로 ,4800000,2021,디스크 브레이크,SHIMANO ULTEGRA,카본
비엠씨 ,6800000,2017,디스크 브레이크,SRAM Force eTap AXS,카본
기타 ,1800000,2019,림 브레이크,기타,카본
스페셜라이즈드 ,5500000,2021,디스크 브레이크,SHIMANO ULTEGRA,카본
스페셜라이즈드 ,2900000,2020,디스크 브레이크,SHIMANO ULTEGRA,카본
스페셜라이즈드 ,1000000,2015,림 브레이크,SHIMANO 105,카본
스페셜라이즈드 ,2500000,2019,디스크 브레이크,SHIMANO ULTEGRA,카본
피나렐로 ,7000000,2017,림 브레이크,SHIMANO DURA-ACE,카본
기타 ,2800000,2016,림 브레이크,SHIMANO ULTEGRA,카본
기타 ,3600000,2015,림 브레이크,SHIMANO DURA-ACE,카본
스페셜라이즈드 ,1500000,2014,림 브레이크,SHIMANO ULTEGRA,카본
자이언트 ,450000,2016,림 브레이크,SHIMANO SORA,카본+알루미늄
라피에르 ,1500000,2017,림 브레이크,SHIMANO ULTEGRA,카본
비앙키 ,1100000,2016,림 브레이크,SHIMANO 105,카본+알루미늄
서벨로 ,11980000,2021,디스크 브레이크,SRAM RED eTap AXS,카본
첼로 ,1800000,2021,디스크 브레이크,SHIMANO 105,카본
메리다 ,1200000,2016,림 브레이크,SHIMANO ULTEGRA,카본
스톡 ,2300000,2016,림 브레이크,SHIMANO ULTEGRA,카본
서벨로 ,3500000,2016,림 브레이크,SHIMANO ULTEGRA,카본
트렉 ,3000000,2018,림 브레이크,SHIMANO ULTEGRA,카본
피나렐로 ,1800000,2014,림 브레이크,SHIMANO ULTEGRA,카본
트렉 ,650000,2016,림 브레이크,SHIMANO 105,카본+알루미늄
첼로 ,2400000,2020,림 브레이크,SHIMANO ULTEGRA,카본
스페셜라이즈드 ,6000000,2019,림 브레이크,SHIMANO ULTEGRA,카본
트렉 ,4200000,2021,디스크 브레이크,SHIMANO ULTEGRA,카본
포커스 ,3900000,2020,디스크 브레이크,SHIMANO 105,카본
트렉 ,2800000,2018,림 브레이크,SHIMANO ULTEGRA,카본+알루미늄
후지 ,880000,2015,림 브레이크,SHIMANO ULTEGRA,카본
메리다 ,2100000,2018,림 브레이크,SHIMANO ULTEGRA,카본
자이언트 ,2100000,2021,디스크 브레이크,SHIMANO 105,카본
콜나고 ,4950000,2015,림 브레이크,SHIMANO ULTEGRA,카본
트렉 ,3000000,2020,디스크 브레이크,SHIMANO 105,카본
캐논데일 ,2100000,2020,디스크 브레이크,SHIMANO 105,카본+알루미늄
스페셜라이즈드 ,6700000,2019,림 브레이크,SHIMANO DURA-ACE,카본
메리다 ,9300000,2021,디스크 브레이크,SHIMANO DURA-ACE,카본
트리곤 ,800000,2013,림 브레이크,SHIMANO ULTEGRA,카본
아르곤18 ,1800000,2019,림 브레이크,SHIMANO ULTEGRA,카본
자이언트 ,1500000,2020,림 브레이크,SHIMANO 105,카본
캐논데일 ,2100000,2021,디스크 브레이크,SHIMANO 105,알루미늄
메리다 ,1800000,2016,림 브레이크,SHIMANO 105,카본
스페셜라이즈드 ,8500000,2019,디스크 브레이크,SHIMANO DURA-ACE,카본
기타 ,3500000,2020,림 브레이크,SHIMANO 105,카본
트렉 ,3000000,2019,디스크 브레이크,SHIMANO ULTEGRA,카본
스페셜라이즈드 ,4200000,2019,림 브레이크,SHIMANO ULTEGRA,카본
스페셜라이즈드 ,4200000,2020,디스크 브레이크,기타,카본
기타 ,1900000,2014,림 브레이크,SHIMANO ULTEGRA,카본
서벨로 ,6000000,2018,림 브레이크,SHIMANO ULTEGRA,카본
메리다 ,2000000,2021,디스크 브레이크,SHIMANO 105,카본
캐논데일 ,2800000,2017,림 브레이크,SHIMANO DURA-ACE,알루미늄
메리다 ,6000000,2018,림 브레이크,SHIMANO ULTEGRA,카본
콜나고 ,6300000,2018,림 브레이크,기타,카본
트렉 ,1600000,2020,디스크 브레이크,SHIMANO 105,알루미늄
스페셜라이즈드 ,1700000,2018,림 브레이크,SHIMANO 105,카본
펠트 ,5000000,2015,림 브레이크,SHIMANO DURA-ACE,카본
스페셜라이즈드 ,11000000,2021,디스크 브레이크,SRAM RED eTap AXS,카본
스페셜라이즈드 ,3200000,2021,디스크 브레이크,SHIMANO ULTEGRA,카본
자이언트 ,5200000,2021,림 브레이크,SHIMANO DURA-ACE,카본
스페셜라이즈드 ,3000000,2020,디스크 브레이크,SHIMANO 105,카본
트리곤 ,1900000,2020,림 브레이크,SHIMANO 105,카본
비엠씨 ,7800000,2019,디스크 브레이크,SHIMANO ULTEGRA,카본
기타 ,7200000,2015,림 브레이크,SHIMANO DURA-ACE,카본
비엠씨 ,9400000,2021,디스크 브레이크,SRAM RED eTap AXS,카본
트렉 ,5000000,2017,림 브레이크,SHIMANO DURA-ACE,카본
자이언트 ,1600000,2018,림 브레이크,SHIMANO 105,카본
데어 ,2300000,2018,디스크 브레이크,SHIMANO 105,카본
자이언트 ,2500000,2020,디스크 브레이크,SHIMANO ULTEGRA,카본
비엠씨 ,9600000,2021,디스크 브레이크,SHIMANO ULTEGRA,카본
비앙키 ,1300000,2021,림 브레이크,기타,카본+알루미늄
기타 ,3000000,2017,림 브레이크,SHIMANO 105,카본
자이언트 ,2550000,2021,디스크 브레이크,SHIMANO 105,카본
포커스 ,2800000,2017,림 브레이크,SRAM RED,카본
트렉 ,6000000,2019,림 브레이크,SHIMANO ULTEGRA,카본
스캇 ,4900000,2020,디스크 브레이크,SRAM Force eTap AXS,카본
윌리어 ,4000000,2019,림 브레이크,SHIMANO ULTEGRA,카본
캐논데일 ,3000000,2015,림 브레이크,SRAM RED,카본
윌리어 ,900000,2014,림 브레이크,SHIMANO ULTEGRA,카본
자이언트 ,4900000,2021,디스크 브레이크,SHIMANO ULTEGRA,카본
아르곤18 ,2300000,2017,림 브레이크,SHIMANO ULTEGRA,카본
스페셜라이즈드 ,1690000,2019,디스크 브레이크,SHIMANO 105,카본
서벨로 ,7500000,2015,림 브레이크,SHIMANO DURA-ACE,카본
트렉 ,5000000,2020,디스크 브레이크,SHIMANO ULTEGRA,카본
비엠씨 ,3700000,2020,림 브레이크,SHIMANO ULTEGRA,카본
메리다 ,2400000,2020,디스크 브레이크,SHIMANO 105,카본
트리곤 ,1400000,2020,디스크 브레이크,SHIMANO 105,카본
라피에르 ,2000000,2017,림 브레이크,SHIMANO ULTEGRA,카본
스페셜라이즈드 ,6300000,2020,디스크 브레이크,SHIMANO ULTEGRA,카본
엘파마 ,300000,2015,림 브레이크,기타,카본+알루미늄
캐논데일 ,8500000,2020,디스크 브레이크,SRAM RED eTap AXS,카본
스캇 ,2600000,2014,림 브레이크,SHIMANO DURA-ACE,카본
비엠씨 ,2200000,2016,림 브레이크,SHIMANO 105,카본
메리다 ,3150000,2021,디스크 브레이크,SHIMANO ULTEGRA,카본
트렉 ,8500000,2020,디스크 브레이크,SHIMANO DURA-ACE,카본
라피에르 ,3000000,2017,림 브레이크,SHIMANO ULTEGRA,카본
메리다 ,600000,2019,림 브레이크,SHIMANO SORA,알루미늄
자이언트 ,480000,2021,림 브레이크,SHIMANO CLARIS,알루미늄
자이언트 ,1300000,2015,림 브레이크,기타,카본
메리다 ,950000,2016,림 브레이크,SHIMANO ULTEGRA,카본
트렉 ,7000000,2020,디스크 브레이크,SHIMANO ULTEGRA,카본
캐논데일 ,4300000,2016,림 브레이크,SHIMANO DURA-ACE,카본
서벨로 ,5900000,2021,디스크 브레이크,SHIMANO ULTEGRA,카본
메리다 ,1230000,2021,림 브레이크,SHIMANO 105,알루미늄
트렉 ,3350000,2021,디스크 브레이크,SHIMANO 105,카본
캐니언 ,3100000,2017,디스크 브레이크,SHIMANO ULTEGRA,카본
자이언트 ,2400000,2021,디스크 브레이크,SHIMANO 105,카본
스페셜라이즈드 ,1050000,2021,림 브레이크,SHIMANO CLARIS,알루미늄
리들리 ,4950000,2021,디스크 브레이크,SHIMANO ULTEGRA,카본
비앙키 ,3800000,2019,디스크 브레이크,SHIMANO ULTEGRA,카본
캐논데일 ,7400000,2020,디스크 브레이크,SHIMANO ULTEGRA,카본
트렉 ,5100000,2021,디스크 브레이크,SHIMANO ULTEGRA,카본
포커스 ,2900000,2018,림 브레이크,SHIMANO ULTEGRA,카본
캐논데일 ,2500000,2020,림 브레이크,SHIMANO 105,알루미늄
자이언트 ,840000,2021,림 브레이크,SHIMANO SORA,알루미늄
비앙키 ,10300000,2020,림 브레이크,기타,카본
자이언트 ,7800000,2021,디스크 브레이크,SRAM Force eTap AXS,카본
스페셜라이즈드 ,2900000,2017,림 브레이크,SHIMANO 105,카본
윌리어 ,11800000,2021,디스크 브레이크,SRAM RED eTap AXS,카본
아르곤18 ,2600000,2019,림 브레이크,SHIMANO ULTEGRA,카본
치넬리 ,4400000,2020,림 브레이크,SRAM Force eTap AXS,카본
스페셜라이즈드 ,3750000,2021,디스크 브레이크,SHIMANO ULTEGRA,카본
자이언트 ,580000,2021,림 브레이크,SHIMANO CLARIS,알루미늄
트리곤 ,2400000,2021,디스크 브레이크,SHIMANO 105,카본
트렉 ,5900000,2020,디스크 브레이크,SHIMANO ULTEGRA,카본
비엠씨 ,11500000,2021,디스크 브레이크,SRAM RED eTap AXS,카본
위아위스 ,5900000,2020,디스크 브레이크,기타,카본
치폴리니 ,5700000,2019,림 브레이크,SHIMANO DURA-ACE,카본
인피자 ,1900000,2021,디스크 브레이크,SHIMANO 105,카본
트리곤 ,1650000,2020,림 브레이크,SHIMANO ULTEGRA,카본
챕터2 ,4300000,2020,디스크 브레이크,SHIMANO ULTEGRA,카본
3T ,8800000,2021,디스크 브레이크,SRAM Force eTap AXS,카본
코메트 ,1600000,2021,디스크 브레이크,SHIMANO 105,알루미늄
캐논데일 ,2900000,2021,디스크 브레이크,SHIMANO 105,알루미늄
자이언트 ,3500000,2018,림 브레이크,SHIMANO DURA-ACE,카본
메리다 ,2600000,2021,디스크 브레이크,SHIMANO 105,카본
캐논데일 ,7050000,2021,디스크 브레이크,SHIMANO ULTEGRA,카본
메리다 ,5300000,2020,디스크 브레이크,SRAM Force eTap AXS,카본
트리곤 ,1600000,2021,림 브레이크,SHIMANO 105,카본
메리다 ,5500000,2020,디스크 브레이크,SRAM Force eTap AXS,카본
트렉 ,6500000,2020,디스크 브레이크,SRAM Force eTap AXS,카본
스페셜라이즈드 ,3800000,2021,디스크 브레이크,SHIMANO ULTEGRA,카본
피나렐로 ,3300000,2017,림 브레이크,SHIMANO ULTEGRA,카본
트렉 ,10500000,2021,디스크 브레이크,SRAM Force eTap AXS,카본
스페셜라이즈드 ,8700000,2021,디스크 브레이크,SRAM Force eTap AXS,카본
데로사 ,4900000,2018,림 브레이크,SHIMANO ULTEGRA,카본
트렉 ,4750000,2021,디스크 브레이크,SHIMANO ULTEGRA,카본
서벨로 ,2800000,2016,림 브레이크,SHIMANO ULTEGRA,카본
스페셜라이즈드 ,7800000,2018,디스크 브레이크,SHIMANO DURA-ACE,카본
위아위스 ,2300000,2021,디스크 브레이크,SHIMANO 105,카본
자이언트 ,11000000,2021,디스크 브레이크,SRAM RED eTap AXS,카본
비엠씨 ,8900000,2021,디스크 브레이크,SRAM Force eTap AXS,카본
자이언트 ,5500000,2021,디스크 브레이크,SHIMANO ULTEGRA,카본
바쏘 ,5900000,2018,림 브레이크,SHIMANO ULTEGRA,카본
스캇 ,4700000,2016,림 브레이크,SHIMANO ULTEGRA,카본
에이엑스라이트니스 ,6800000,2017,림 브레이크,SHIMANO DURA-ACE,카본
자이언트 ,2750000,2021,디스크 브레이크,SHIMANO ULTEGRA,카본
서벨로 ,4780000,2019,림 브레이크,SHIMANO 105,카본
스페셜라이즈드 ,4500000,2016,림 브레이크,SHIMANO ULTEGRA,카본
팔리 ,5750000,2019,디스크 브레이크,SHIMANO ULTEGRA,카본
스캇 ,4900000,2018,림 브레이크,SHIMANO DURA-ACE,카본
비엠씨 ,4300000,2020,디스크 브레이크,SHIMANO ULTEGRA,카본
서벨로 ,9800000,2020,디스크 브레이크,SHIMANO DURA-ACE,카본
포커스 ,9300000,2021,디스크 브레이크,SRAM Force eTap AXS,카본
타임 ,12000000,2020,림 브레이크,기타,카본
트리곤 ,4100000,2021,디스크 브레이크,기타,카본
트렉 ,8300000,2020,디스크 브레이크,SRAM Force eTap AXS,카본
3T ,3850000,2019,디스크 브레이크,기타,카본
자이언트 ,8500000,2019,림 브레이크,SHIMANO DURA-ACE,카본
세파스 ,2850000,2020,디스크 브레이크,SHIMANO ULTEGRA,카본
스페셜라이즈드 ,7250000,2018,림 브레이크,SRAM RED eTAP,카본
트렉 ,5300000,2021,디스크 브레이크,SHIMANO ULTEGRA,카본
스페셜라이즈드 ,3820000,2017,림 브레이크,SHIMANO DURA-ACE,카본
챕터2 ,5600000,2020,림 브레이크,SRAM Force eTap AXS,카본
스캇 ,8000000,2021,디스크 브레이크,SRAM Force,카본
스페셜라이즈드 ,4650000,2021,디스크 브레이크,SHIMANO ULTEGRA,카본
비엠씨 ,4550000,2021,디스크 브레이크,SHIMANO 105,카본
스페셜라이즈드 ,3300000,2021,디스크 브레이크,SHIMANO 105,카본
트리곤 ,1450000,2019,림 브레이크,SHIMANO 105,카본
리들리 ,6600000,2021,디스크 브레이크,SRAM Force,카본
메리다 ,8600000,2021,디스크 브레이크,SHIMANO DURA-ACE,카본
서벨로 ,9500000,2021,디스크 브레이크,SRAM Force,카본
스페셜라이즈드 ,8800000,2019,림 브레이크,SHIMANO DURA-ACE,카본
서벨로 ,5700000,2018,림 브레이크,SHIMANO ULTEGRA,카본
치넬리 ,3500000,2021,림 브레이크,SHIMANO ULTEGRA,카본
서벨로 ,8600000,2019,디스크 브레이크,SHIMANO ULTEGRA,카본
메리다 ,2950000,2020,디스크 브레이크,기타,카본
오픈 ,7900000,2020,디스크 브레이크,SRAM RED eTAP,카본
펠트 ,5200000,2017,림 브레이크,SHIMANO ULTEGRA,카본
윌리어 ,2650000,2018,림 브레이크,SHIMANO ULTEGRA,카본
스톡 ,3900000,2016,림 브레이크,SRAM RED eTAP,카본
스페셜라이즈드 ,9300000,2021,디스크 브레이크,기타,카본
메리다 ,3250000,2021,디스크 브레이크,SHIMANO ULTEGRA,카본
비에이치 ,4600000,2016,림 브레이크,SHIMANO ULTEGRA,카본
캐논데일 ,8000000,2019,림 브레이크,SHIMANO DURA-ACE,카본
자이언트 ,3500000,2020,림 브레이크,SHIMANO 105,카본
자이언트 ,6300000,2018,림 브레이크,SHIMANO DURA-ACE,카본
스캇 ,5400000,2017,림 브레이크,SHIMANO ULTEGRA,카본
위아위스 ,8500000,2020,디스크 브레이크,SHIMANO ULTEGRA,카본
자이언트 ,8100000,2019,디스크 브레이크,SHIMANO DURA-ACE,카본
스톡 ,3500000,2016,림 브레이크,SHIMANO 105,카본
첼로 ,2800000,2017,림 브레이크,SHIMANO ULTEGRA,카본
바쏘 ,5300000,2020,림 브레이크,SHIMANO ULTEGRA,카본
3T ,4500000,2019,디스크 브레이크,기타,카본
자이언트 ,8800000,2019,디스크 브레이크,SHIMANO DURA-ACE,카본
트렉 ,8300000,2021,디스크 브레이크,SHIMANO ULTEGRA,카본
리들리 ,5700000,2019,림 브레이크,SHIMANO DURA-ACE,카본
리브 ,5900000,2020,림 브레이크,SHIMANO ULTEGRA,카본
챕터2 ,4000000,2017,림 브레이크,SHIMANO ULTEGRA,카본
포커스 ,4300000,2018,림 브레이크,SRAM RED,카본
룩 ,2300000,2019,림 브레이크,SHIMANO 105,카본
자이언트 ,900000,2021,디스크 브레이크,SHIMANO SORA,알루미늄
리브 ,4100000,2019,림 브레이크,SHIMANO ULTEGRA,카본
비앙키 ,2800000,2016,림 브레이크,기타,카본
세파스 ,1850000,2021,디스크 브레이크,SHIMANO 105,카본
트렉 ,8500000,2020,디스크 브레이크,SHIMANO ULTEGRA,카본
스페셜라이즈드 ,3300000,2018,림 브레이크,SHIMANO ULTEGRA,카본
트렉 ,7800000,2021,디스크 브레이크,SHIMANO ULTEGRA,카본
스페셜라이즈드 ,2650000,2020,디스크 브레이크,SHIMANO 105,알루미늄
트렉 ,900000,2021,디스크 브레이크,SHIMANO CLARIS,알루미늄
첼로 ,1900000,2021,디스크 브레이크,SHIMANO 105,카본
위아위스 ,6200000,2021,디스크 브레이크,SRAM Force eTap AXS,카본
비앙키 ,2450000,2021,림 브레이크,SHIMANO 105,카본
스페셜라이즈드 ,5800000,2018,림 브레이크,SHIMANO DURA-ACE,카본
피나렐로 ,3300000,2016,림 브레이크,SHIMANO 105,카본
트렉 ,8000000,2020,디스크 브레이크,SRAM RED eTap AXS,카본
비엠씨 ,3300000,2021,디스크 브레이크,SHIMANO 105,카본
메리다 ,780000,2021,림 브레이크,SHIMANO CLARIS,알루미늄
메리다 ,3500000,2021,디스크 브레이크,SHIMANO ULTEGRA,카본
자이언트 ,570000,2021,림 브레이크,SHIMANO CLARIS,알루미늄
스페셜라이즈드 ,3780000,2016,림 브레이크,SHIMANO DURA-ACE,카본
서벨로 ,7600000,2021,디스크 브레이크,SRAM Force eTap AXS,카본
피나렐로 ,5000000,2017,림 브레이크,SHIMANO ULTEGRA,카본
트렉 ,5800000,2019,디스크 브레이크,SHIMANO ULTEGRA,카본
첼로 ,2600000,2021,림 브레이크,SHIMANO 105,카본
스페셜라이즈드 ,6800000,2018,림 브레이크,SHIMANO DURA-ACE,카본
트렉 ,2400000,2017,림 브레이크,SHIMANO ULTEGRA,카본
스페셜라이즈드 ,1700000,2016,림 브레이크,SHIMANO 105,카본
리들리 ,2400000,2016,림 브레이크,SRAM Force,카본
메리다 ,600000,2016,림 브레이크,SHIMANO SORA,알루미늄
룩 ,3900000,2018,디스크 브레이크,SHIMANO ULTEGRA,카본
라피에르 ,1800000,2016,림 브레이크,SHIMANO ULTEGRA,카본
캐논데일 ,1700000,2017,림 브레이크,SHIMANO 105,카본
스페셜라이즈드 ,3400000,2021,디스크 브레이크,SHIMANO 105,카본
캐논데일 ,2000000,2020,림 브레이크,SHIMANO 105,카본
트렉 ,1300000,2017,림 브레이크,SHIMANO 105,카본
자이언트 ,4300000,2018,디스크 브레이크,SHIMANO ULTEGRA,카본
리브 ,2100000,2017,디스크 브레이크,SHIMANO ULTEGRA,카본
자이언트 ,2850000,2021,디스크 브레이크,SHIMANO ULTEGRA,카본
캐논데일 ,1700000,2017,림 브레이크,SHIMANO ULTEGRA,카본
비엠씨 ,5900000,2016,림 브레이크,SHIMANO DURA-ACE,카본
스페셜라이즈드 ,3350000,2016,디스크 브레이크,SHIMANO ULTEGRA,카본
자이언트 ,650000,2021,림 브레이크,SHIMANO CLARIS,카본
피나렐로 ,7300000,2017,림 브레이크,SHIMANO DURA-ACE,카본
비엠씨 ,7900000,2020,디스크 브레이크,SHIMANO ULTEGRA,카본
예거 ,3100000,2021,디스크 브레이크,기타,카본
리들리 ,3300000,2016,림 브레이크,SRAM Force,카본
리브 ,930000,2021,디스크 브레이크,SHIMANO SORA,알루미늄
자이언트 ,2830000,2021,디스크 브레이크,SHIMANO ULTEGRA,카본
트렉 ,3500000,2019,디스크 브레이크,SHIMANO ULTEGRA,카본
인피자 ,1400000,2017,림 브레이크,SHIMANO 105,카본
비앙키 ,1550000,2021,림 브레이크,SHIMANO 105,알루미늄
리들리 ,5000000,2021,디스크 브레이크,SHIMANO ULTEGRA,카본
스페셜라이즈드 ,6700000,2018,림 브레이크,SHIMANO DURA-ACE,카본
메리다 ,1200000,2015,림 브레이크,SHIMANO ULTEGRA,카본
큐브 ,5800000,2020,디스크 브레이크,SRAM Force eTap AXS,카본
캐논데일 ,7800000,2021,디스크 브레이크,SRAM Force eTap AXS,카본
트렉 ,2850000,2017,림 브레이크,SHIMANO ULTEGRA,카본
리브 ,700000,2020,림 브레이크,SHIMANO SORA,알루미늄
트렉 ,3900000,2020,디스크 브레이크,SHIMANO ULTEGRA,카본
포커스 ,4800000,2017,림 브레이크,SHIMANO ULTEGRA,카본
트렉 ,1200000,2016,림 브레이크,SHIMANO 105,카본
자이언트 ,2300000,2016,림 브레이크,SHIMANO ULTEGRA,카본
캐논데일 ,1400000,2018,림 브레이크,SHIMANO 105,알루미늄
리들리 ,5100000,2017,림 브레이크,SRAM RED eTAP,카본
트렉 ,4100000,2020,디스크 브레이크,SHIMANO ULTEGRA,카본
트렉 ,550000,2018,림 브레이크,SHIMANO CLARIS,알루미늄
메리다 ,3000000,2019,림 브레이크,SHIMANO ULTEGRA,카본
메리다 ,3100000,2020,디스크 브레이크,SHIMANO ULTEGRA,카본
메리다 ,1100000,2020,림 브레이크,SHIMANO 105,알루미늄
메리다 ,750000,2021,림 브레이크,SHIMANO CLARIS,알루미늄
메리다 ,3200000,2017,림 브레이크,SHIMANO DURA-ACE,카본
캐논데일 ,2100000,2019,림 브레이크,SHIMANO 105,카본
스페셜라이즈드 ,2800000,2020,디스크 브레이크,SHIMANO 105,카본
스페셜라이즈드 ,3500000,2017,림 브레이크,SHIMANO ULTEGRA,카본
캐논데일 ,1500000,2017,림 브레이크,SHIMANO 105,알루미늄
메리다 ,600000,2017,림 브레이크,SHIMANO CLARIS,알루미늄
트렉 ,1050000,2021,디스크 브레이크,SHIMANO CLARIS,카본
위아위스 ,2350000,2021,디스크 브레이크,SHIMANO 105,카본
메리다 ,1250000,2021,림 브레이크,SHIMANO 105,알루미늄
트렉 ,3900000,2019,디스크 브레이크,SHIMANO ULTEGRA,카본
캐니언 ,4500000,2016,림 브레이크,SHIMANO ULTEGRA,카본
비앙키 ,2600000,2020,림 브레이크,기타,카본
피나렐로 ,7500000,2015,림 브레이크,SRAM RED,카본
메리다 ,1000000,2020,림 브레이크,SHIMANO 105,알루미늄
캐논데일 ,1800000,2016,림 브레이크,SHIMANO ULTEGRA,카본
스캇 ,2450000,2017,림 브레이크,SHIMANO ULTEGRA,카본
리브 ,650000,2021,디스크 브레이크,기타,알루미늄
비앙키 ,8500000,2021,디스크 브레이크,SRAM RED eTap AXS,카본
비에이치 ,600000,2016,림 브레이크,SHIMANO CLARIS,알루미늄
윌리어 ,3600000,2017,림 브레이크,SHIMANO ULTEGRA,카본
트렉 ,2300000,2021,디스크 브레이크,기타,카본
스페셜라이즈드 ,2800000,2017,디스크 브레이크,SHIMANO ULTEGRA,카본
트렉 ,3800000,2020,디스크 브레이크,SHIMANO ULTEGRA,카본
첼로 ,1700000,2018,림 브레이크,SHIMANO ULTEGRA,카본
첼로 ,1550000,2019,림 브레이크,SHIMANO 105,카본
콘돌 ,2800000,2015,림 브레이크,기타,스틸
자이언트 ,2900000,2020,림 브레이크,SHIMANO 105,카본
캐논데일 ,2950000,2021,디스크 브레이크,SHIMANO 105,알루미늄
피나렐로 ,3400000,2018,림 브레이크,SHIMANO 105,카본
트리곤 ,1600000,2020,림 브레이크,SHIMANO 105,카본
메리다 ,630000,2020,림 브레이크,SHIMANO CLARIS,카본
트리곤 ,1620000,2021,림 브레이크,SHIMANO 105,카본
메리다 ,1430000,2021,디스크 브레이크,SHIMANO ULTEGRA,알루미늄
콜나고 ,3500000,2020,디스크 브레이크,SHIMANO ULTEGRA,카본
트렉 ,2850000,2019,디스크 브레이크,기타,알루미늄
자이언트 ,430000,2021,디스크 브레이크,기타,알루미늄
첼로 ,1300000,2016,림 브레이크,SHIMANO 105,카본
트리곤 ,1200000,2019,림 브레이크,SHIMANO 105,카본
자이언트 ,3800000,2016,림 브레이크,SHIMANO DURA-ACE,카본
캐논데일 ,1850000,2017,림 브레이크,SHIMANO 105,알루미늄
메리다 ,2250000,2020,림 브레이크,SHIMANO ULTEGRA,카본
비앙키 ,3600000,2020,디스크 브레이크,SHIMANO ULTEGRA,카본
자이언트 ,1850000,2020,림 브레이크,SHIMANO 105,카본
스캇 ,2800000,2014,림 브레이크,SHIMANO DURA-ACE,카본
메리다 ,4100000,2021,디스크 브레이크,SHIMANO ULTEGRA,카본
트리곤 ,1350000,2016,림 브레이크,SHIMANO 105,카본
스페셜라이즈드 ,1600000,2018,림 브레이크,SHIMANO 105,카본
스페셜라이즈드 ,1900000,2018,림 브레이크,SHIMANO 105,알루미늄
코메트 ,1600000,2020,디스크 브레이크,SHIMANO 105,카본
스캇 ,3900000,2016,림 브레이크,SHIMANO DURA-ACE,카본
챕터2 ,5000000,2020,림 브레이크,SHIMANO ULTEGRA,카본
스페셜라이즈드 ,6800000,2021,디스크 브레이크,SHIMANO ULTEGRA,카본
마지 ,400000,2015,림 브레이크,SHIMANO CLARIS,알루미늄
스캇 ,2700000,2017,림 브레이크,SHIMANO ULTEGRA,카본
자이언트 ,1400000,2016,디스크 브레이크,SHIMANO 105,카본
캐논데일 ,1800000,2017,림 브레이크,SHIMANO ULTEGRA,카본
피나렐로 ,10500000,2019,디스크 브레이크,SHIMANO DURA-ACE,카본
트리곤 ,2450000,2021,디스크 브레이크,SHIMANO 105,카본
코메트 ,1750000,2021,디스크 브레이크,SHIMANO 105,카본
첼로 ,1750000,2018,림 브레이크,SHIMANO ULTEGRA,카본
첼로 ,3100000,2019,림 브레이크,SHIMANO ULTEGRA,카본
캐논데일 ,3450000,2021,디스크 브레이크,SHIMANO ULTEGRA,알루미늄
치폴리니 ,6200000,2019,림 브레이크,SHIMANO ULTEGRA,카본
엘파마 ,1800000,2021,림 브레이크,SHIMANO 105,카본
트렉 ,1600000,2019,림 브레이크,SHIMANO 105,카본
트렉 ,1400000,2016,림 브레이크,SHIMANO 105,카본
첼로 ,1200000,2018,디스크 브레이크,SHIMANO 105,알루미늄
비앙키 ,2550000,2021,림 브레이크,SHIMANO 105,카본
트렉 ,4400000,2021,디스크 브레이크,SHIMANO ULTEGRA,카본
리들리 ,6800000,2021,디스크 브레이크,SHIMANO ULTEGRA,카본
첼로 ,1600000,2018,림 브레이크,SRAM Force,카본
트렉 ,3800000,2020,디스크 브레이크,SHIMANO 105,카본
룩 ,2800000,2017,림 브레이크,SHIMANO ULTEGRA,카본
스캇 ,3500000,2016,림 브레이크,SHIMANO ULTEGRA,카본
캐논데일 ,2300000,2017,림 브레이크,SHIMANO DURA-ACE,알루미늄
메리다 ,3100000,2019,림 브레이크,SHIMANO ULTEGRA,카본
메리다 ,3300000,2021,디스크 브레이크,SHIMANO ULTEGRA,카본
트렉 ,600000,2021,디스크 브레이크,기타,알루미늄
자이언트 ,4100000,2021,디스크 브레이크,SHIMANO ULTEGRA,카본
트리곤 ,1350000,2019,림 브레이크,SHIMANO 105,카본
콘돌 ,3300000,2018,림 브레이크,기타,스틸
메리다 ,2200000,2021,림 브레이크,SHIMANO 105,카본
비엠씨 ,3200000,2019,림 브레이크,SHIMANO ULTEGRA,카본
서벨로 ,4800000,2019,림 브레이크,SHIMANO 105,카본
캐논데일 ,4600000,2016,림 브레이크,SHIMANO DURA-ACE,카본
캐논데일 ,4000000,2018,림 브레이크,SHIMANO ULTEGRA,카본
스페셜라이즈드 ,9600000,2019,디스크 브레이크,SHIMANO DURA-ACE,카본
자이언트 ,6500000,2018,림 브레이크,SHIMANO DURA-ACE,카본
비앙키 ,1200000,2016,림 브레이크,기타,알루미늄
서벨로 ,2800000,2018,림 브레이크,SHIMANO ULTEGRA,카본
트렉 ,1200000,2021,디스크 브레이크,SHIMANO SORA,알루미늄
메리다 ,2950000,2020,디스크 브레이크,SHIMANO ULTEGRA,카본
자이언트 ,1800000,2017,림 브레이크,SHIMANO ULTEGRA,카본
스페셜라이즈드 ,2300000,2017,림 브레이크,SHIMANO 105,알루미늄
트렉 ,2300000,2018,림 브레이크,SHIMANO ULTEGRA,카본
비엠씨 ,5600000,2018,림 브레이크,SHIMANO DURA-ACE,카본
스페셜라이즈드 ,2900000,2017,림 브레이크,SHIMANO ULTEGRA,카본
트렉 ,3900000,2018,림 브레이크,SHIMANO ULTEGRA,카본
메리다 ,2850000,2021,디스크 브레이크,SHIMANO 105,카본
첼로 ,2000000,2019,림 브레이크,SHIMANO ULTEGRA,카본
스페셜라이즈드 ,2500000,2017,디스크 브레이크,SHIMANO 105,카본
첼로 ,1800000,2017,림 브레이크,SRAM Force,카본
라피에르 ,2400000,2017,림 브레이크,SHIMANO ULTEGRA,카본
비앙키 ,1500000,2013,림 브레이크,SHIMANO 105,알루미늄
캐논데일 ,2400000,2020,림 브레이크,SHIMANO 105,카본
첼로 ,2050000,2020,림 브레이크,SHIMANO ULTEGRA,카본
트렉 ,2100000,2017,림 브레이크,SHIMANO ULTEGRA,카본
콜나고 ,2000000,2016,림 브레이크,SHIMANO ULTEGRA,카본
비앙키 ,1600000,2016,림 브레이크,SHIMANO 105,알루미늄
엘파마 ,650000,2014,림 브레이크,SHIMANO 105,알루미늄
스페셜라이즈드 ,2800000,2021,디스크 브레이크,SHIMANO 105,카본
코메트 ,1700000,2021,림 브레이크,SHIMANO 105,카본
트렉 ,2900000,2017,림 브레이크,SHIMANO ULTEGRA,카본
메리다 ,1400000,2020,디스크 브레이크,SHIMANO ULTEGRA,알루미늄
스페셜라이즈드 ,7900000,2021,디스크 브레이크,SRAM RED eTap AXS,카본
트렉 ,6800000,2019,림 브레이크,SHIMANO DURA-ACE,카본
캐니언 ,4200000,2018,림 브레이크,SRAM RED eTAP,카본
리브 ,3500000,2021,림 브레이크,SHIMANO ULTEGRA,카본
메리다 ,1600000,2017,림 브레이크,SHIMANO ULTEGRA,카본
스페셜라이즈드 ,850000,2021,림 브레이크,SHIMANO CLARIS,알루미늄
스페셜라이즈드 ,7800000,2021,디스크 브레이크,SHIMANO ULTEGRA,카본
비에이치 ,2300000,2017,림 브레이크,SHIMANO ULTEGRA,카본
인피자 ,2300000,2020,림 브레이크,SHIMANO ULTEGRA,카본
비엠씨 ,8800000,2019,디스크 브레이크,SHIMANO DURA-ACE,카본
리들리 ,5100000,2019,림 브레이크,SHIMANO DURA-ACE,카본
자이언트 ,1900000,2016,림 브레이크,SHIMANO 105,카본
포커스 ,4900000,2018,림 브레이크,SHIMANO ULTEGRA,카본
스캇 ,2500000,2018,림 브레이크,SHIMANO ULTEGRA,카본
엘파마 ,500000,2019,림 브레이크,SHIMANO CLARIS,알루미늄
코나 ,1800000,2021,디스크 브레이크,기타,알루미늄
스페셜라이즈드 ,3600000,2015,림 브레이크,SHIMANO ULTEGRA,카본
첼로 ,2000000,2017,림 브레이크,SHIMANO ULTEGRA,카본
리브 ,900000,2021,디스크 브레이크,SHIMANO SORA,알루미늄
첼로 ,1500000,2019,림 브레이크,SHIMANO 105,카본
메리다 ,2700000,2021,디스크 브레이크,SHIMANO 105,카본
엘파마 ,1100000,2016,림 브레이크,SHIMANO 105,카본
캐논데일 ,1900000,2021,림 브레이크,SHIMANO 105,알루미늄
트리곤 ,1800000,2016,림 브레이크,SHIMANO 105,카본
트렉 ,2500000,2017,림 브레이크,SHIMANO ULTEGRA,카본
트렉 ,1500000,2018,림 브레이크,SHIMANO 105,카본
스페셜라이즈드 ,3400000,2016,림 브레이크,SHIMANO ULTEGRA,카본
치넬리 ,2500000,2019,림 브레이크,SHIMANO 105,카본
스캇 ,1400000,2016,림 브레이크,SHIMANO 105,카본
트렉 ,1600000,2018,림 브레이크,SHIMANO ULTEGRA,카본
스페셜라이즈드 ,3500000,2019,림 브레이크,SHIMANO ULTEGRA,카본
리브 ,2700000,2021,디스크 브레이크,기타,카본
메리다 ,600000,2020,림 브레이크,SHIMANO CLARIS,알루미늄
자이언트 ,1400000,2018,림 브레이크,SHIMANO 105,카본
비앙키 ,4600000,2018,림 브레이크,기타,카본
스페셜라이즈드 ,2500000,2019,림 브레이크,SHIMANO ULTEGRA,카본
스페셜라이즈드 ,6500000,2018,림 브레이크,SHIMANO DURA-ACE,카본
스페셜라이즈드 ,5700000,2018,림 브레이크,SHIMANO ULTEGRA,카본
스페셜라이즈드 ,1600000,2016,림 브레이크,SHIMANO 105,카본
트렉 ,5100000,2020,디스크 브레이크,SRAM Force eTap AXS,카본
자이언트 ,2350000,2019,림 브레이크,SHIMANO ULTEGRA,카본
자이언트 ,2100000,2017,림 브레이크,SHIMANO ULTEGRA,카본
스페셜라이즈드 ,3300000,2020,디스크 브레이크,SHIMANO 105,카본
콘돌 ,2000000,2018,림 브레이크,기타,스틸
자이언트 ,2300000,2020,디스크 브레이크,SHIMANO ULTEGRA,카본
첼로 ,2200000,2020,림 브레이크,SHIMANO ULTEGRA,카본
엘파마 ,2900000,2021,디스크 브레이크,SHIMANO ULTEGRA,카본
메리다 ,550000,2016,림 브레이크,SHIMANO SORA,알루미늄
포커스 ,1700000,2019,림 브레이크,SHIMANO 105,카본
스페셜라이즈드 ,1500000,2016,림 브레이크,SHIMANO 105,카본
스페셜라이즈드 ,4150000,2018,림 브레이크,SHIMANO ULTEGRA,카본
자이언트 ,2100000,2018,림 브레이크,SHIMANO ULTEGRA,카본
서벨로 ,3800000,2019,디스크 브레이크,SHIMANO ULTEGRA,카본
캐논데일 ,1600000,2016,림 브레이크,SHIMANO 105,카본
자이언트 ,3200000,2020,림 브레이크,SHIMANO ULTEGRA,카본
스캇 ,1000000,2017,림 브레이크,SHIMANO 105,카본
리들리 ,4000000,2016,림 브레이크,SHIMANO DURA-ACE,카본
스페셜라이즈드 ,8200000,2019,디스크 브레이크,SHIMANO DURA-ACE,카본
캐논데일 ,1200000,2015,림 브레이크,SHIMANO 105,알루미늄
라피에르 ,2500000,2020,디스크 브레이크,SHIMANO ULTEGRA,카본
트렉 ,2600000,2017,림 브레이크,SHIMANO ULTEGRA,카본
치넬리 ,3600000,2019,림 브레이크,SRAM Force eTap AXS,카본
콘돌 ,2200000,2018,림 브레이크,SHIMANO ULTEGRA,스틸
메리다 ,900000,2017,림 브레이크,SHIMANO 105,알루미늄
스페셜라이즈드 ,4800000,2016,디스크 브레이크,SHIMANO DURA-ACE,카본
윌리어 ,2300000,2018,림 브레이크,SHIMANO ULTEGRA,카본
포커스 ,3700000,2017,림 브레이크,SHIMANO ULTEGRA,카본
캐논데일 ,500000,2016,림 브레이크,SHIMANO SORA,알루미늄
트렉 ,4400000,2020,디스크 브레이크,SHIMANO ULTEGRA,카본
트렉 ,3500000,2020,디스크 브레이크,SHIMANO ULTEGRA,카본
아르곤18 ,3600000,2018,림 브레이크,SHIMANO DURA-ACE,카본
첼로 ,1500000,2019,림 브레이크,SHIMANO ULTEGRA,카본
서벨로 ,5000000,2018,림 브레이크,SHIMANO ULTEGRA,카본
메리다 ,1100000,2015,림 브레이크,SHIMANO ULTEGRA,카본
메리다 ,500000,2015,림 브레이크,SHIMANO SORA,알루미늄
엘파마 ,600000,2019,림 브레이크,SHIMANO CLARIS,알루미늄
스페셜라이즈드 ,1500000,2015,림 브레이크,SHIMANO ULTEGRA,카본
스페셜라이즈드 ,1900000,2018,림 브레이크,SHIMANO ULTEGRA,카본
서벨로 ,5000000,2019,림 브레이크,SHIMANO ULTEGRA,카본
큐브 ,3600000,2017,림 브레이크,SHIMANO DURA-ACE,카본
큐브 ,6800000,2018,디스크 브레이크,SHIMANO DURA-ACE,카본
룩 ,3200000,2017,림 브레이크,SHIMANO ULTEGRA,카본
펠트 ,5000000,2019,림 브레이크,SHIMANO DURA-ACE,카본
서벨로 ,5400000,2018,림 브레이크,SHIMANO ULTEGRA,카본
팩터 ,4900000,2017,림 브레이크,SHIMANO DURA-ACE,카본
라피에르 ,4200000,2019,림 브레이크,SRAM RED,카본
팔리 ,6800000,2018,디스크 브레이크,SRAM RED eTAP,카본
큐브 ,1400000,2017,림 브레이크,SHIMANO ULTEGRA,카본
메리다 ,1000000,2018,림 브레이크,SHIMANO 105,알루미늄
자이언트 ,5000000,2021,림 브레이크,SHIMANO DURA-ACE,카본
트렉 ,750000,2020,림 브레이크,SHIMANO SORA,알루미늄
서벨로 ,4700000,2018,림 브레이크,SHIMANO ULTEGRA,카본
엘파마 ,700000,2015,림 브레이크,SHIMANO 105,카본
씨포 ,2800000,2020,림 브레이크,SHIMANO 105,카본
콜나고 ,6100000,2019,림 브레이크,기타,카본
펠트 ,1900000,2017,림 브레이크,SHIMANO ULTEGRA,카본
비엠씨 ,6900000,2020,디스크 브레이크,SHIMANO ULTEGRA,카본
룩 ,7100000,2017,림 브레이크,SHIMANO ULTEGRA,카본
메리다 ,3700000,2020,디스크 브레이크,SHIMANO ULTEGRA,카본
트리곤 ,1300000,2016,림 브레이크,SHIMANO 105,카본
자이언트 ,2300000,2018,림 브레이크,SHIMANO ULTEGRA,카본
윌리어 ,2500000,2018,림 브레이크,SHIMANO ULTEGRA,카본
메리다 ,650000,2020,림 브레이크,SHIMANO CLARIS,알루미늄
자이언트 ,4300000,2021,디스크 브레이크,SHIMANO ULTEGRA,카본
트렉 ,3100000,2020,디스크 브레이크,SHIMANO 105,카본
메리다 ,1300000,2018,디스크 브레이크,SHIMANO 105,카본
자이언트 ,3300000,2019,림 브레이크,SHIMANO 105,카본
자이언트 ,1800000,2019,디스크 브레이크,SHIMANO 105,카본
인피자 ,2500000,2018,림 브레이크,SHIMANO ULTEGRA,카본
트렉 ,5900000,2018,림 브레이크,SHIMANO ULTEGRA,카본
팔리 ,5000000,2014,림 브레이크,SHIMANO DURA-ACE,카본
스페셜라이즈드 ,1200000,2018,림 브레이크,SHIMANO 105,알루미늄
엘파마 ,900000,2016,림 브레이크,SHIMANO 105,카본
라이트웨이트 ,8200000,2016,림 브레이크,SRAM RED eTAP,카본
자이언트 ,3800000,2020,림 브레이크,SHIMANO ULTEGRA,카본
스페셜라이즈드 ,9800000,2020,디스크 브레이크,SHIMANO DURA-ACE,카본
라피에르 ,4600000,2020,디스크 브레이크,SHIMANO ULTEGRA,카본
트렉 ,2200000,2017,림 브레이크,SHIMANO ULTEGRA,카본
엘파마 ,1500000,2015,림 브레이크,SHIMANO 105,카본
트렉 ,1600000,2018,림 브레이크,SHIMANO 105,카본
트렉 ,1900000,2016,림 브레이크,SHIMANO ULTEGRA,카본
콜나고 ,3200000,2019,디스크 브레이크,SHIMANO ULTEGRA,카본
스페셜라이즈드 ,4700000,2016,림 브레이크,SHIMANO DURA-ACE,카본
GT ,600000,2016,림 브레이크,SHIMANO 105,알루미늄
서벨로 ,3900000,2018,림 브레이크,SHIMANO ULTEGRA,카본
콜나고 ,4500000,2015,림 브레이크,SHIMANO ULTEGRA,카본
스페셜라이즈드 ,3900000,2017,림 브레이크,SHIMANO DURA-ACE,카본
메리다 ,9000000,2021,디스크 브레이크,SHIMANO DURA-ACE,카본
스페셜라이즈드 ,3400000,2017,디스크 브레이크,SHIMANO ULTEGRA,카본
스페셜라이즈드 ,6000000,2020,디스크 브레이크,SHIMANO ULTEGRA,알루미늄
케이에이치에스 ,1800000,2018,림 브레이크,SHIMANO ULTEGRA,카본
비앙키 ,1300000,2019,림 브레이크,SHIMANO 105,알루미늄
메리다 ,3500000,2018,림 브레이크,SHIMANO ULTEGRA,카본
트렉 ,2300000,2016,림 브레이크,SHIMANO ULTEGRA,카본
트렉 ,4900000,2021,디스크 브레이크,SHIMANO ULTEGRA,카본
캐논데일 ,1300000,2015,림 브레이크,SHIMANO 105,알루미늄
마지 ,450000,2014,림 브레이크,SHIMANO SORA,알루미늄
트렉 ,3500000,2021,디스크 브레이크,SHIMANO 105,카본
스페셜라이즈드 ,4200000,2019,디스크 브레이크,SHIMANO ULTEGRA,카본
스페셜라이즈드 ,8400000,2018,림 브레이크,SHIMANO DURA-ACE,카본
피나렐로 ,6200000,2015,림 브레이크,SHIMANO DURA-ACE,카본
피나렐로 ,8300000,2021,디스크 브레이크,SHIMANO ULTEGRA,카본
캐논데일 ,3500000,2018,림 브레이크,SHIMANO DURA-ACE,카본
스페셜라이즈드 ,9500000,2020,디스크 브레이크,SHIMANO DURA-ACE,카본
스페셜라이즈드 ,6200000,2019,림 브레이크,SHIMANO ULTEGRA,카본
트렉 ,6200000,2019,림 브레이크,SHIMANO DURA-ACE,카본
비엠씨 ,6800000,2018,디스크 브레이크,SHIMANO DURA-ACE,카본
자이언트 ,3750000,2021,림 브레이크,SHIMANO ULTEGRA,카본
스캇 ,3800000,2016,림 브레이크,SHIMANO ULTEGRA,카본
캐논데일 ,2700000,2021,림 브레이크,SHIMANO ULTEGRA,알루미늄
비앙키 ,8100000,2019,림 브레이크,기타,카본
피나렐로 ,5500000,2016,림 브레이크,SHIMANO DURA-ACE,카본
캐논데일 ,2850000,2021,디스크 브레이크,SHIMANO 105,알루미늄
메리다 ,1400000,2016,디스크 브레이크,SHIMANO ULTEGRA,카본
메리다 ,6800000,2020,디스크 브레이크,SRAM Force eTap AXS,카본
자이언트 ,2000000,2016,림 브레이크,SHIMANO ULTEGRA,카본
트렉 ,2600000,2016,림 브레이크,SHIMANO ULTEGRA,카본
트렉 ,4900000,2016,림 브레이크,SRAM RED eTAP,카본
데어 ,2500000,2018,디스크 브레이크,SHIMANO 105,카본
스페셜라이즈드 ,9500000,2019,디스크 브레이크,SHIMANO DURA-ACE,카본
피나렐로 ,1900000,2017,림 브레이크,SHIMANO 105,카본
룩 ,5300000,2019,디스크 브레이크,SHIMANO ULTEGRA,카본
트렉 ,7000000,2019,림 브레이크,SHIMANO ULTEGRA,카본
스페셜라이즈드 ,3900000,2015,림 브레이크,SHIMANO ULTEGRA,카본
스톡 ,2800000,2012,림 브레이크,SHIMANO ULTEGRA,카본
서벨로 ,5100000,2019,림 브레이크,SHIMANO ULTEGRA,카본
트렉 ,5400000,2016,림 브레이크,SHIMANO DURA-ACE,카본
스페셜라이즈드 ,4000000,2017,림 브레이크,SHIMANO ULTEGRA,카본
피나렐로 ,7000000,2016,림 브레이크,SRAM RED eTAP,카본
스페셜라이즈드 ,11000000,2020,디스크 브레이크,SHIMANO DURA-ACE,카본
서벨로 ,3900000,2016,림 브레이크,SHIMANO 105,카본
룩 ,2800000,2015,림 브레이크,SHIMANO ULTEGRA,카본
팔리 ,6500000,2018,디스크 브레이크,SRAM RED eTAP,카본
자이언트 ,3500000,2021,디스크 브레이크,SHIMANO ULTEGRA,카본
첼로 ,350000,2015,림 브레이크,SHIMANO CLARIS,알루미늄
트렉 ,6000000,2019,림 브레이크,SHIMANO DURA-ACE,카본
스페셜라이즈드 ,5800000,2018,림 브레이크,SHIMANO ULTEGRA,카본
포커스 ,8300000,2021,디스크 브레이크,SRAM Force eTap AXS,카본
비엠씨 ,5000000,2019,림 브레이크,SHIMANO ULTEGRA,카본
스캇 ,2500000,2017,림 브레이크,SHIMANO ULTEGRA,카본
메리다 ,8300000,2021,디스크 브레이크,SHIMANO DURA-ACE,카본
비엠씨 ,9500000,2020,디스크 브레이크,SRAM RED eTap AXS,카본
스페셜라이즈드 ,7300000,2018,림 브레이크,SRAM RED eTAP,카본
트렉 ,9500000,2021,디스크 브레이크,SRAM Force eTap AXS,카본
바쏘 ,7800000,2019,림 브레이크,SHIMANO DURA-ACE,카본
스페셜라이즈드 ,2000000,2020,디스크 브레이크,SHIMANO 105,알루미늄
비앙키 ,8300000,2020,림 브레이크,SHIMANO DURA-ACE,카본
포커스 ,9900000,2021,디스크 브레이크,SRAM RED eTap AXS,카본
트렉 ,6500000,2019,디스크 브레이크,SHIMANO DURA-ACE,카본
트렉 ,3200000,2019,림 브레이크,SHIMANO ULTEGRA,카본
스페셜라이즈드 ,1200000,2015,림 브레이크,SHIMANO 105,카본
트렉 ,1600000,2017,림 브레이크,SHIMANO 105,카본
메리다 ,900000,2021,림 브레이크,SHIMANO CLARIS,알루미늄
콜나고 ,3000000,2016,림 브레이크,SHIMANO DURA-ACE,카본
리떼 ,2100000,2013,림 브레이크,SRAM RED,카본
엔진11 ,1200000,2015,림 브레이크,SHIMANO 105,카본
캐니언 ,2600000,2016,림 브레이크,SHIMANO ULTEGRA,카본
캐논데일 ,800000,2017,림 브레이크,기타,알루미늄
메리다 ,1400000,2016,림 브레이크,SHIMANO ULTEGRA,카본
펠트 ,1000000,2016,림 브레이크,SHIMANO 105,카본
바쏘 ,10500000,2020,디스크 브레이크,SHIMANO DURA-ACE,카본
챕터2 ,2800000,2017,림 브레이크,SHIMANO ULTEGRA,카본
비앙키 ,8100000,2020,림 브레이크,SRAM Force eTap AXS,카본
스페셜라이즈드 ,1800000,2016,림 브레이크,SHIMANO ULTEGRA,카본
스페셜라이즈드 ,2200000,2017,림 브레이크,SHIMANO 105,카본
비앙키 ,5100000,2017,림 브레이크,SHIMANO DURA-ACE,카본
후지 ,2300000,2014,림 브레이크,SHIMANO DURA-ACE,카본
위아위스 ,2800000,2020,디스크 브레이크,SHIMANO ULTEGRA,카본
메리다 ,1200000,2017,림 브레이크,SHIMANO ULTEGRA,카본
비앙키 ,1000000,2020,림 브레이크,SHIMANO 105,알루미늄
엘파마 ,1500000,2018,림 브레이크,SHIMANO 105,카본
비앙키 ,1300000,2016,림 브레이크,SHIMANO 105,알루미늄
리브 ,1100000,2017,디스크 브레이크,SHIMANO 105,카본
스페셜라이즈드 ,1700000,2017,림 브레이크,SHIMANO 105,카본
자이언트 ,1430000,2019,림 브레이크,SHIMANO 105,카본
페스카 ,9500000,2019,림 브레이크,SHIMANO ULTEGRA,카본
리들리 ,4500000,2017,림 브레이크,SRAM RED eTAP,카본
비엠씨 ,9000000,2021,디스크 브레이크,SRAM Force,카본
비엠씨 ,5800000,2020,림 브레이크,SHIMANO ULTEGRA,카본
첼로 ,850000,2018,림 브레이크,SHIMANO ULTEGRA,카본
캐논데일 ,2500000,2020,디스크 브레이크,SHIMANO 105,카본
첼로 ,800000,2015,림 브레이크,SHIMANO 105,카본
팔리 ,5300000,2010,림 브레이크,SHIMANO DURA-ACE,카본
모자익 ,10000000,2019,림 브레이크,SHIMANO DURA-ACE,티타늄
비엠씨 ,900000,2016,림 브레이크,SHIMANO 105,카본
스페셜라이즈드 ,700000,2020,림 브레이크,SHIMANO CLARIS,알루미늄
엘파마 ,500000,2015,림 브레이크,SHIMANO 105,알루미늄
트렉 ,680000,2021,디스크 브레이크,SHIMANO CLARIS,알루미늄
메리다 ,8150000,2021,디스크 브레이크,SHIMANO DURA-ACE,카본
리들리 ,5200000,2019,림 브레이크,SRAM Force eTap AXS,카본
비앙키 ,2300000,2020,림 브레이크,SHIMANO ULTEGRA,알루미늄
피나렐로 ,3000000,2016,림 브레이크,SHIMANO DURA-ACE,카본
비엠씨 ,3800000,2018,림 브레이크,SHIMANO ULTEGRA,카본
트렉 ,3300000,2020,디스크 브레이크,SHIMANO ULTEGRA,카본
캐논데일 ,3800000,2017,림 브레이크,SHIMANO DURA-ACE,카본
트렉 ,7500000,2019,림 브레이크,SRAM RED eTAP,카본
비엠씨 ,12000000,2021,디스크 브레이크,SRAM RED eTap AXS,카본
자이언트 ,3000000,2018,림 브레이크,SHIMANO ULTEGRA,카본
리들리 ,4850000,2020,디스크 브레이크,SHIMANO ULTEGRA,카본
3T ,6200000,2021,디스크 브레이크,SHIMANO ULTEGRA,카본
스페셜라이즈드 ,4900000,2020,디스크 브레이크,기타,카본
자이언트 ,4300000,2016,림 브레이크,SHIMANO DURA-ACE,카본
스페셜라이즈드 ,9500000,2021,디스크 브레이크,기타,카본
리브 ,2400000,2019,림 브레이크,SHIMANO ULTEGRA,카본
서벨로 ,6000000,2020,디스크 브레이크,SRAM Force eTap AXS,카본
트리곤 ,1000000,2015,림 브레이크,SHIMANO 105,카본
자이언트 ,2000000,2018,림 브레이크,SHIMANO ULTEGRA,카본
자이언트 ,200000,2012,림 브레이크,SHIMANO CLARIS,알루미늄
캐니언 ,5000000,2020,디스크 브레이크,SHIMANO DURA-ACE,카본
스페셜라이즈드 ,4500000,2013,림 브레이크,SHIMANO DURA-ACE,카본
스톡 ,3000000,2012,림 브레이크,SHIMANO ULTEGRA,카본
스페셜라이즈드 ,1400000,2015,림 브레이크,SHIMANO ULTEGRA,카본
룩 ,5500000,2019,디스크 브레이크,SHIMANO ULTEGRA,카본
위아위스 ,6700000,2020,디스크 브레이크,SRAM Force eTap AXS,카본
스페셜라이즈드 ,7000000,2018,림 브레이크,SRAM RED eTAP,카본
캐논데일 ,3900000,2015,림 브레이크,SHIMANO ULTEGRA,카본
캐니언 ,1300000,2010,림 브레이크,SRAM Force,카본
마지 ,450000,2015,림 브레이크,SHIMANO CLARIS,알루미늄
자이언트 ,2100000,2021,림 브레이크,SHIMANO 105,카본
브래드위너 ,7000000,2017,림 브레이크,SHIMANO ULTEGRA,스틸
아르곤18 ,3300000,2019,림 브레이크,SHIMANO ULTEGRA,카본
스페셜라이즈드 ,530000,2018,림 브레이크,SHIMANO CLARIS,알루미늄
휠러 ,300000,2018,림 브레이크,SHIMANO CLARIS,알루미늄
캐논데일 ,1500000,2015,림 브레이크,SHIMANO ULTEGRA,카본
아르곤18 ,2900000,2019,림 브레이크,SHIMANO ULTEGRA,카본
비엠씨 ,8300000,2019,디스크 브레이크,SHIMANO DURA-ACE,카본
스페셜라이즈드 ,1300000,2017,림 브레이크,SHIMANO 105,카본
캐니언 ,4800000,2016,림 브레이크,SHIMANO DURA-ACE,카본
트렉 ,9000000,2019,디스크 브레이크,SHIMANO DURA-ACE,카본
스톡 ,3300000,2018,림 브레이크,SRAM Force,카본
첼로 ,520000,2019,림 브레이크,SHIMANO SORA,알루미늄
인디펜던트 패브리케이션 ,8000000,2012,림 브레이크,기타,카본
스페셜라이즈드 ,12000000,2021,디스크 브레이크,SRAM Force eTap AXS,카본
코메트 ,1500000,2020,림 브레이크,SHIMANO 105,카본
비앙키 ,1200000,2021,림 브레이크,SHIMANO 105,알루미늄
트렉 ,10000000,2020,디스크 브레이크,SRAM RED eTap AXS,카본
메리다 ,2700000,2020,디스크 브레이크,SHIMANO ULTEGRA,카본
트렉 ,1400000,2018,림 브레이크,SHIMANO 105,카본
콜나고 ,5000000,2015,림 브레이크,SHIMANO ULTEGRA,카본
메리다 ,800000,2017,림 브레이크,기타,알루미늄
스페셜라이즈드 ,1350000,2016,림 브레이크,SHIMANO 105,카본
리들리 ,4500000,2017,림 브레이크,SHIMANO ULTEGRA,카본
바쏘 ,5200000,2017,림 브레이크,SHIMANO DURA-ACE,카본
캐논데일 ,1200000,2016,림 브레이크,SHIMANO 105,알루미늄
캐논데일 ,1200000,2017,림 브레이크,SHIMANO 105,알루미늄
메리다 ,1200000,2019,디스크 브레이크,SHIMANO 105,알루미늄
메리다 ,500000,2016,림 브레이크,SHIMANO SORA,알루미늄
윌리어 ,2300000,2016,림 브레이크,SHIMANO ULTEGRA,카본
스페셜라이즈드 ,3800000,2017,림 브레이크,SHIMANO ULTEGRA,카본
메리다 ,600000,2019,림 브레이크,SHIMANO CLARIS,알루미늄
스페셜라이즈드 ,900000,2016,림 브레이크,SHIMANO 105,카본
스페셜라이즈드 ,1000000,2016,림 브레이크,SHIMANO 105,카본
포커스 ,3450000,2020,디스크 브레이크,SHIMANO 105,카본
스페셜라이즈드 ,1100000,2017,림 브레이크,SHIMANO 105,카본
포커스 ,2100000,2015,림 브레이크,SHIMANO ULTEGRA,카본
스페셜라이즈드 ,1800000,2018,림 브레이크,SHIMANO ULTEGRA,카본
스페셜라이즈드 ,2200000,2016,림 브레이크,SHIMANO ULTEGRA,카본
콜나고 ,7850000,2018,림 브레이크,SHIMANO DURA-ACE,카본
비엠씨 ,8600000,2020,디스크 브레이크,SRAM Force eTap AXS,카본
캐니언 ,4800000,2020,림 브레이크,SHIMANO ULTEGRA,카본
스페셜라이즈드 ,7800000,2019,림 브레이크,SHIMANO DURA-ACE,카본
메리다 ,750000,2016,림 브레이크,SHIMANO 105,알루미늄
스페셜라이즈드 ,2000000,2020,디스크 브레이크,SHIMANO 105,카본
첼로 ,2900000,2016,림 브레이크,SRAM RED,카본
스페셜라이즈드 ,9300000,2020,디스크 브레이크,SHIMANO DURA-ACE,카본
트렉 ,6850000,2017,림 브레이크,SRAM RED eTAP,카본
스페셜라이즈드 ,2800000,2016,림 브레이크,SHIMANO 105,카본
스페셜라이즈드 ,6000000,2016,림 브레이크,SRAM RED eTAP,카본
스페셜라이즈드 ,3000000,2020,디스크 브레이크,SHIMANO ULTEGRA,카본
포커스 ,4600000,2016,림 브레이크,SRAM RED,카본
룩 ,7200000,2019,림 브레이크,기타,카본
큐브 ,2880000,2018,림 브레이크,SHIMANO ULTEGRA,카본
룩 ,3680000,2017,림 브레이크,SHIMANO ULTEGRA,카본
큐브 ,1750000,2017,림 브레이크,SHIMANO ULTEGRA,카본
큐브 ,1480000,2017,림 브레이크,SHIMANO 105,카본
치폴리니 ,3000000,2015,림 브레이크,SHIMANO DURA-ACE,카본
룩 ,7000000,2019,림 브레이크,SHIMANO ULTEGRA,카본
메리다 ,3528000,2020,디스크 브레이크,SHIMANO ULTEGRA,카본
칼피 ,1200000,2015,림 브레이크,SHIMANO 105,카본
룩 ,2806000,2017,림 브레이크,SHIMANO ULTEGRA,카본
포커스 ,2524500,2018,림 브레이크,SHIMANO ULTEGRA,카본
메리다 ,814000,2016,림 브레이크,SHIMANO 105,카본
인피자 ,600000,2015,림 브레이크,SHIMANO ULTEGRA,카본
첼로 ,1050000,2018,림 브레이크,SHIMANO ULTEGRA,카본
윌리어 ,850000,2015,림 브레이크,SHIMANO 105,카본
